field_id,latitude,longitude,crop,yield,season,source,mean_ndvi,max_ndvi,min_ndvi,std_ndvi
5036TUGQ1,9.5,-1.0,maize,1891.3,2020,zenodo,0.9989457607793648,1.0,0.8903967451931335,0.07690331759826137
5036TUGQ2,9.5,-1.0,maize,598.5,2020,zenodo,1.0,1.0,0.8951205114453562,0.07068550796282454
5036TUGQ3,9.5,-1.0,maize,1657.4,2020,zenodo,1.0,1.0,0.9238236087580919,0.02592952531792181
5014LABQ1,9.5,-1.0,maize,584.5,2020,zenodo,0.984276820062333,1.0,0.9113272477115394,0.020760365170981884
5014LABQ2,9.5,-1.0,maize,1044.0,2020,zenodo,1.0,1.0,0.9052831408954757,0.06185578595007592
5014LABQ3,9.5,-1.0,maize,988.7,2020,zenodo,1.0,1.0,0.9202249634763549,0.06722795079789638
5016ZORQ1,9.5,-1.0,maize,1297.5,2020,zenodo,1.0,1.0,0.8985073612304916,0.0776887223792231
5016ZORQ2,9.5,-1.0,maize,2023.4,2020,zenodo,1.0,1.0,0.9207984212834549,0.0774039182534593
5016ZORQ3,9.5,-1.0,maize,3125.5,2020,zenodo,1.0,1.0,0.9010110747720202,0.059513649402885394
7061CHEQ1,9.5,-1.0,maize,1178.1,2020,zenodo,0.9774192370354664,1.0,0.9120490696624955,0.054457162238995285
7061CHEQ2,9.5,-1.0,maize,1678.2,2020,zenodo,0.938015358476592,1.0,0.9412747240804421,0.04760971873390452
7061CHEQ3,9.5,-1.0,maize,2598.0,2020,zenodo,0.9517271472978917,1.0,0.9336491941893711,0.05738910079521704
7072ZINQ1,9.5,-1.0,maize,995.9,2020,zenodo,1.0,1.0,0.8900065988435371,0.06913398476515219
7072ZINQ2,9.5,-1.0,maize,1726.1,2020,zenodo,0.9035871183947473,1.0,0.9142466748291812,0.07250097183123748
7072ZINQ3,9.5,-1.0,maize,1105.3,2020,zenodo,0.9462816093687475,1.0,0.9353946923046318,0.04572361056674431
7070ZINQ1,9.5,-1.0,maize,921.3,2020,zenodo,1.0,1.0,0.858776061181879,0.06424088830648599
7070ZINQ2,9.5,-1.0,maize,1182.1,2020,zenodo,0.9145524660997857,1.0,0.8988208774979071,0.03338989364804474
7070ZINQ3,9.5,-1.0,maize,1528.3,2020,zenodo,0.9703377271669885,1.0,0.8862881713259146,0.05559780892470047
7074ZINQ1,9.5,-1.0,maize,1550.1,2020,zenodo,1.0,1.0,0.9440159709562164,0.0780642410199396
7074ZINQ2,9.5,-1.0,maize,1116.6,2020,zenodo,0.9602236349696514,1.0,0.9001481431956472,0.07505502940469314
7074ZINQ3,9.5,-1.0,maize,448.4,2020,zenodo,0.9516738344690552,1.0,0.9418479443443152,0.03869632394212642
2050KPAQ1,9.5,-1.0,maize,1719.3,2020,zenodo,0.9722157274956387,1.0,0.8920825453606007,0.07501845438319775
2050KPAQ2,9.5,-1.0,maize,1109.5,2020,zenodo,0.9085909757430998,1.0,0.8581131712661112,0.03848066924082322
2050KPAQ3,9.5,-1.0,maize,1563.1,2020,zenodo,1.0,1.0,0.9132438267523079,0.032506314061556185
5017ZORQ1,9.5,-1.0,maize,1847.8,2020,zenodo,1.0,1.0,0.8567090172660654,0.07156300462582103
5017ZORQ2,9.5,-1.0,maize,1392.8,2020,zenodo,0.9844966117219434,1.0,0.942044525785792,0.023252344769952082
5017ZORQ3,9.5,-1.0,maize,1372.4,2020,zenodo,1.0,1.0,0.8514024038659447,0.041941481252743454
7071ZINQ1,9.5,-1.0,maize,1220.5,2020,zenodo,0.917484697312668,1.0,0.9123476633284437,0.04807912217139222
7071ZINQ2,9.5,-1.0,maize,1516.1,2020,zenodo,0.9276948867343667,1.0,0.8596550895020072,0.07187398740827596
7071ZINQ3,9.5,-1.0,maize,1382.2,2020,zenodo,1.0,1.0,0.9473636758399818,0.04790650919270802
7058CHEQ1,9.5,-1.0,maize,46.5,2020,zenodo,0.8181969294716102,1.0,0.8096274164368281,0.047173099964373265
7058CHEQ2,9.5,-1.0,maize,447.5,2020,zenodo,1.0,1.0,0.9476725681031836,0.05107512091496052
7058CHEQ3,9.5,-1.0,maize,173.4,2020,zenodo,1.0,1.0,0.9171844407442494,0.03622066050006986
7059CHEQ1,9.5,-1.0,maize,685.8,2020,zenodo,1.0,1.0,0.8717629282811405,0.07532732074434426
7059CHEQ2,9.5,-1.0,maize,1525.8,2020,zenodo,1.0,1.0,0.8747649199505966,0.04463515985008622
7059CHEQ3,9.5,-1.0,maize,306.4,2020,zenodo,0.915101211530696,1.0,0.9217837048670352,0.04657211571942184
5002LABQ1,9.5,-1.0,maize,762.3,2020,zenodo,0.9773958667071505,1.0,0.895752013154124,0.0350607907462155
5002LABQ2,9.5,-1.0,maize,475.4,2020,zenodo,0.9666815633178552,1.0,0.9435608872918556,0.0756120249127375
5002LABQ3,9.5,-1.0,maize,386.6,2020,zenodo,0.9550326504432837,1.0,0.9480447483774042,0.024102999477879222
5011LABQ1,9.5,-1.0,maize,1529.0,2020,zenodo,1.0,1.0,0.897019137083758,0.05469774159295067
5011LABQ2,9.5,-1.0,maize,1404.0,2020,zenodo,0.9929354343004497,1.0,0.8752415504635092,0.07700485999157655
5011LABQ3,9.5,-1.0,maize,1430.4,2020,zenodo,1.0,1.0,0.8549645887019812,0.06306880842905535
5012LABQ1,9.5,-1.0,maize,476.7,2020,zenodo,0.9656072542989075,1.0,0.8777588617625606,0.03792378079170848
5012LABQ2,9.5,-1.0,maize,1355.3,2020,zenodo,1.0,1.0,0.9016903093481836,0.04922936527764019
5012LABQ3,9.5,-1.0,maize,949.0,2020,zenodo,1.0,1.0,0.9244811334446229,0.05575334067371274
7062CHEQ1,9.5,-1.0,maize,419.5,2020,zenodo,0.9319100520315152,1.0,0.9137880703110582,0.05769428891343631
7062CHEQ2,9.5,-1.0,maize,564.7,2020,zenodo,0.992789049311047,1.0,0.9183351098690247,0.024250973791892286
7062CHEQ3,9.5,-1.0,maize,1032.7,2020,zenodo,1.0,1.0,0.8940316149916944,0.03238360295228183
1056ZINQ1,9.5,-1.0,maize,725.6,2020,zenodo,1.0,1.0,0.9267156728794703,0.07102075913812544
1056ZINQ2,9.5,-1.0,maize,907.7,2020,zenodo,1.0,1.0,0.9132216659085721,0.04512336267706108
1056ZINQ3,9.5,-1.0,maize,1523.9,2020,zenodo,0.9459248640557129,1.0,0.9470039612359322,0.06884252527381547
1055ZINQ1,9.5,-1.0,maize,1692.0,2020,zenodo,0.942116475352136,1.0,0.906807938876176,0.07662258743541984
1055ZINQ2,9.5,-1.0,maize,1111.4,2020,zenodo,0.9146320502884275,1.0,0.8660148653703972,0.031146475364113295
1055ZINQ3,9.5,-1.0,maize,1529.6,2020,zenodo,0.9715988357566137,1.0,0.862801430877164,0.0714928587014918
7069ZINQ1,9.5,-1.0,maize,789.4,2020,zenodo,0.9339175803878349,1.0,0.8971057052556091,0.07271154731303593
7069ZINQ2,9.5,-1.0,maize,495.9,2020,zenodo,1.0,1.0,0.9223410167033409,0.033612083761331166
7069ZINQ3,9.5,-1.0,maize,499.2,2020,zenodo,0.9572765525148313,1.0,0.9163554786624931,0.04565856858368553
3074TAMQ1,9.5,-1.0,maize,357.5,2020,zenodo,0.9258063328540415,1.0,0.8634694592366294,0.07051055959777593
3074TAMQ2,9.5,-1.0,maize,926.8,2020,zenodo,1.0,1.0,0.8702521554250716,0.027548609639593782
3074TAMQ3,9.5,-1.0,maize,35.2,2020,zenodo,0.7698257571076494,0.8141208138419006,0.6768439721078205,0.06597994731645054
7017SAMQ1,9.5,-1.0,maize,578.6,2020,zenodo,1.0,1.0,0.9068979006065906,0.07299252241852867
7017SAMQ2,9.5,-1.0,maize,704.7,2020,zenodo,1.0,1.0,0.9162811262797986,0.021381550866574197
7017SAMQ3,9.5,-1.0,maize,628.7,2020,zenodo,0.9992024021388279,1.0,0.863340081291079,0.0713243603335267
7010SAMQ1,9.5,-1.0,maize,1432.9,2020,zenodo,1.0,1.0,0.9485008816052454,0.032053026893077485
7010SAMQ2,9.5,-1.0,maize,449.0,2020,zenodo,1.0,1.0,0.8815855037187799,0.05274755259137369
7010SAMQ3,9.5,-1.0,maize,713.2,2020,zenodo,0.9769851393455937,1.0,0.8836134101698199,0.037315336463036496
7014SAMQ1,9.5,-1.0,maize,1210.3,2020,zenodo,1.0,1.0,0.8969373842400694,0.06489417881018324
7014SAMQ2,9.5,-1.0,maize,859.7,2020,zenodo,0.9334890726482826,1.0,0.9173148534364641,0.03149361645565145
7014SAMQ3,9.5,-1.0,maize,1480.0,2020,zenodo,0.9851922975094419,1.0,0.9234177672210494,0.02077699280767034
7015SAMQ1,9.5,-1.0,maize,1022.1,2020,zenodo,0.9632155358808834,1.0,0.9074459195159326,0.03013198262411627
7015SAMQ2,9.5,-1.0,maize,627.1,2020,zenodo,0.9952012436251524,1.0,0.8919644973951972,0.04691637460127446
7015SAMQ3,9.5,-1.0,maize,265.4,2020,zenodo,0.9803166975206397,1.0,0.8836811839885339,0.05645174579829332
7016SAMQ1,9.5,-1.0,maize,1510.4,2020,zenodo,1.0,1.0,0.8590638429377764,0.052317546235918055
7016SAMQ2,9.5,-1.0,maize,666.4,2020,zenodo,0.9905968570001203,1.0,0.9151819711545105,0.05049896228630424
7016SAMQ3,9.5,-1.0,maize,736.8,2020,zenodo,0.9041126892213198,1.0,0.9217538388175235,0.06534038390109248
2053KPAQ1,9.5,-1.0,maize,968.4,2020,zenodo,1.0,1.0,0.9480101794474916,0.031569573217757226
2053KPAQ2,9.5,-1.0,maize,1009.7,2020,zenodo,0.915946643963754,1.0,0.9488897397850802,0.027703522702708462
2053KPAQ3,9.5,-1.0,maize,1001.7,2020,zenodo,1.0,1.0,0.911559923219253,0.040747793117597894
7021YAMQ1,9.5,-1.0,maize,5036.8,2020,zenodo,0.9820064440701756,1.0,0.8868633708196839,0.04992011795556801
7021YAMQ2,9.5,-1.0,maize,4672.4,2020,zenodo,1.0,1.0,0.8615243052354769,0.056446697286435435
7021YAMQ3,9.5,-1.0,maize,4033.5,2020,zenodo,0.9078916227720298,1.0,0.8700374251937149,0.04237030712710671
7069ZINQ1,9.5,-1.0,maize,1400.6,2020,zenodo,0.947364369840911,1.0,0.9421028817685828,0.021250434613265066
7069ZINQ2,9.5,-1.0,maize,1154.4,2020,zenodo,0.9851137323602152,1.0,0.9057338491744614,0.044405801450228016
7069ZINQ3,9.5,-1.0,maize,2757.4,2020,zenodo,0.9872865896860056,1.0,0.8963814583858001,0.0297628589035867
7020YAMQ1,9.5,-1.0,maize,2982.6,2020,zenodo,1.0,1.0,0.8617414152509828,0.060721851162477886
7020YAMQ2,9.5,-1.0,maize,2382.7,2020,zenodo,1.0,1.0,0.9387615618504856,0.05219849260804775
7020YAMQ3,9.5,-1.0,maize,3013.9,2020,zenodo,0.9060746501708555,1.0,0.9250979385699348,0.02140032154087089
1067ZINQ1,9.5,-1.0,maize,691.4,2020,zenodo,0.9360466746252466,1.0,0.9082147775722178,0.07833518404384564
1067ZINQ2,9.5,-1.0,maize,622.0,2020,zenodo,0.9833872453092555,1.0,0.862041335051914,0.04774341370315439
1067ZINQ3,9.5,-1.0,maize,735.7,2020,zenodo,1.0,1.0,0.8949629734385529,0.0559384940418273
1029ZINQ1,9.5,-1.0,maize,2490.8,2020,zenodo,0.9045874988714091,1.0,0.923056685811611,0.04441336320732111
1029ZINQ2,9.5,-1.0,maize,1819.6,2020,zenodo,0.9115923868481431,1.0,0.8600101546394177,0.036175255060959643
1029ZINQ3,9.5,-1.0,maize,2614.8,2020,zenodo,0.9900993089740672,1.0,0.9483110742504216,0.06600753144380865
1061ZINQ1,9.5,-1.0,maize,1815.4,2020,zenodo,0.9970552663391301,1.0,0.9405886199988003,0.043958336528407804
1061ZINQ2,9.5,-1.0,maize,1135.8,2020,zenodo,1.0,1.0,0.908833136974722,0.05102208510038822
1061ZINQ3,9.5,-1.0,maize,2469.4,2020,zenodo,0.9112904923936883,1.0,0.921387388710398,0.0648821219752692
4020FUUQ1,9.5,-1.0,maize,586.4,2020,zenodo,1.0,1.0,0.9258405578715533,0.029836786749570077
4020FUUQ2,9.5,-1.0,maize,804.9,2020,zenodo,0.9461474367903486,1.0,0.9214697383838125,0.05983259098533143
4020FUUQ3,9.5,-1.0,maize,934.2,2020,zenodo,1.0,1.0,0.9007558820816802,0.06838634851284468
7022FUUQ1,9.5,-1.0,maize,989.0,2020,zenodo,0.9635164170014444,1.0,0.8600721735130366,0.021462054934173504
7022FUUQ2,9.5,-1.0,maize,1310.8,2020,zenodo,0.999151649642118,1.0,0.9320614029709942,0.03969315869392042
7022FUUQ3,9.5,-1.0,maize,2040.8,2020,zenodo,1.0,1.0,0.8511878346971633,0.029272757575245015
7035FUUQ1,9.5,-1.0,maize,1553.3,2020,zenodo,0.9861082313755285,1.0,0.8803314434119008,0.05389337479968524
7035FUUQ2,9.5,-1.0,maize,1562.9,2020,zenodo,0.9225341873108581,1.0,0.8889141965155727,0.03720041391619213
7035FUUQ3,9.5,-1.0,maize,934.2,2020,zenodo,0.9738183605494921,1.0,0.9338502150362662,0.06363840523641683
7036FUUQ1,9.5,-1.0,maize,1255.4,2020,zenodo,0.9438174560616033,1.0,0.8961030539554269,0.040340137337590905
7036FUUQ2,9.5,-1.0,maize,885.3,2020,zenodo,1.0,1.0,0.9133860510209859,0.030545138388504166
7036FUUQ3,9.5,-1.0,maize,529.1,2020,zenodo,1.0,1.0,0.9374848231897092,0.06214491736974914
3075TAMQ1,9.5,-1.0,maize,1922.4,2020,zenodo,1.0,1.0,0.9487610500085357,0.07193000153240878
3075TAMQ2,9.5,-1.0,maize,2244.3,2020,zenodo,1.0,1.0,0.9468925506227435,0.05337272409875425
3075TAMQ3,9.5,-1.0,maize,1802.0,2020,zenodo,1.0,1.0,0.8502081312047851,0.02315566637901435
5057PAGQ1,9.5,-1.0,maize,3444.2,2020,zenodo,1.0,1.0,0.8797731968084819,0.046225771826163144
5057PAGQ2,9.5,-1.0,maize,3110.6,2020,zenodo,0.9137294125909043,1.0,0.8883303781932665,0.02212759109985198
5057PAGQ3,9.5,-1.0,maize,3182.2,2020,zenodo,0.9556984534446098,1.0,0.9495329853938448,0.07297555592427972
5037TUGQ1,9.5,-1.0,maize,2853.7,2020,zenodo,1.0,1.0,0.9207572340849275,0.039218060946675466
5037TUGQ2,9.5,-1.0,maize,2343.5,2020,zenodo,0.987982098379301,1.0,0.8775447443396167,0.05851941296416088
5037TUGQ3,9.5,-1.0,maize,2876.1,2020,zenodo,0.9741275273608763,1.0,0.9487464802622145,0.040543753115682396
5034TUGQ1,9.5,-1.0,maize,2916.8,2020,zenodo,0.9821526817589905,1.0,0.8517518120818696,0.07611932784439454
5034TUGQ2,9.5,-1.0,maize,1733.9,2020,zenodo,1.0,1.0,0.8685716307302532,0.05858761113676522
5034TUGQ3,9.5,-1.0,maize,1185.9,2020,zenodo,1.0,1.0,0.928201243792163,0.02251756869462136
5033TUGQ1,9.5,-1.0,maize,1390.6,2020,zenodo,1.0,1.0,0.9260739021010923,0.06880106254909474
5033TUGQ2,9.5,-1.0,maize,466.1,2020,zenodo,0.9000478407569847,1.0,0.8948181928037859,0.07793485966448051
5033TUGQ3,9.5,-1.0,maize,1576.1,2020,zenodo,1.0,1.0,0.9147067080535404,0.07734192406130186
7033FUUQ1,9.5,-1.0,maize,335.9,2020,zenodo,1.0,1.0,0.8797331078659433,0.07457117226206708
7033FUUQ2,9.5,-1.0,maize,134.6,2020,zenodo,1.0,1.0,0.9007699972755776,0.0518524087538951
7033FUUQ3,9.5,-1.0,maize,101.7,2020,zenodo,0.9678969953745702,1.0,0.890910723239464,0.04322215351847146
7018ALHQ1,9.5,-1.0,maize,1020.4,2020,zenodo,0.9349499641101227,1.0,0.8977538159849117,0.04571622260806517
7018ALHQ2,9.5,-1.0,maize,671.5,2020,zenodo,0.974808706405195,1.0,0.8939903409976456,0.04382612390843647
7018ALHQ3,9.5,-1.0,maize,223.8,2020,zenodo,0.9877256317935308,1.0,0.9178460773758653,0.02147512198576879
7015ALHQ1,9.5,-1.0,maize,589.5,2020,zenodo,0.9831923912030007,1.0,0.8967997178324347,0.04850069127907315
7015ALHQ2,9.5,-1.0,maize,833.4,2020,zenodo,0.9817414718110644,1.0,0.8807446171525308,0.046900752130072186
7015ALHQ3,9.5,-1.0,maize,230.0,2020,zenodo,1.0,1.0,0.9221735172724914,0.025307848577631305
7016ALHQ1,9.5,-1.0,maize,699.9,2020,zenodo,1.0,1.0,0.9363535653598756,0.05582785859896054
7016ALHQ2,9.5,-1.0,maize,883.9,2020,zenodo,1.0,1.0,0.9495918754737502,0.04367361105175149
7016ALHQ3,9.5,-1.0,maize,470.3,2020,zenodo,1.0,1.0,0.8528169764611115,0.05464618096255312
7036SANQ1,9.5,-1.0,maize,3295.2,2020,zenodo,1.0,1.0,0.8647106222626948,0.07050330101695916
7036SANQ2,9.5,-1.0,maize,3958.1,2020,zenodo,0.9828777325146919,1.0,0.9198928087358401,0.030674883688739614
7036SANQ3,9.5,-1.0,maize,3085.0,2020,zenodo,1.0,1.0,0.8646342469525559,0.06734924065835733
7019ZORQ1,9.5,-1.0,maize,1855.8,2020,zenodo,1.0,1.0,0.9172726706515041,0.03237062895282095
7019ZORQ2,9.5,-1.0,maize,2277.6,2020,zenodo,0.979179985668305,1.0,0.8506775588221552,0.05774229738605659
7019ZORQ3,9.5,-1.0,maize,1171.4,2020,zenodo,0.9283991729230094,1.0,0.891278374393692,0.056257652901023705
2002ALHQ1,9.5,-1.0,maize,2000.2,2020,zenodo,1.0,1.0,0.9481934459382017,0.06262272340104821
2002ALHQ2,9.5,-1.0,maize,1447.3,2020,zenodo,1.0,1.0,0.8739941206257384,0.025908379847310887
2002ALHQ3,9.5,-1.0,maize,1703.6,2020,zenodo,0.9406457276321533,1.0,0.8536895919749912,0.04363572704122456
MOFA_NOR_0000,10.378430505512974,-0.28932251307471146,maize,1.9907260126227708,2020,mofa,0.29911805752569015,0.44722669865632064,0.21902329576340424,0.0616211643065456
MOFA_NOR_0001,9.290245849870711,-0.8211483485525489,rice,2.497626865278676,2020,mofa,0.30609512711998443,0.37593413591287783,0.1744764767356926,0.021473991287200237
MOFA_NOR_0002,9.795204790654289,-1.358728012411885,soya,1.453534622937211,2020,mofa,0.2764856045394023,0.38852424505744354,0.20873376868909926,0.05395339028577095
MOFA_NOR_0003,9.839980555868694,-1.2795057147227602,maize,1.7631633217106475,2021,mofa,0.2662955971952169,0.3370615658772119,0.19285142275430725,0.053536515511478894
MOFA_NOR_0004,9.53061883478659,-1.1034619820912561,rice,2.0965008192567414,2021,mofa,0.27752071699614667,0.3372563981239062,0.19134661168382988,0.0752613454057599
MOFA_NOR_0005,9.681767136509134,-0.7403807391501317,soya,1.334238696121945,2021,mofa,0.17401129091695516,0.26431522254068757,0.06874045772617972,0.07486125380710511
MOFA_NOR_0006,9.467043984050028,-1.6986393972575824,maize,2.267999185328175,2022,mofa,0.23435350990950624,0.40289421673584336,0.11497247286572584,0.04524643624188958
MOFA_NOR_0007,9.566843230422723,-1.569413243727691,rice,2.395485145419491,2022,mofa,0.22345171595094176,0.29170263779994166,0.08161629063514633,0.07046552174007507
MOFA_NOR_0008,10.165159759304842,-0.6677736351489767,soya,0.9543807799141748,2022,mofa,0.10521478881612951,0.22623095090501938,0.0,0.05333798283934865
MOFA_UPP_0009,10.926432474953613,-1.1189609147015047,maize,1.984070970308588,2020,mofa,0.3051360120760815,0.4411326724548091,0.2394358330325797,0.03784077413564811
MOFA_UPP_0010,10.651784731783614,-0.727141117892008,rice,2.355155320131492,2020,mofa,0.28608433384646414,0.403821075654678,0.19781352214028985,0.030689186384174227
MOFA_UPP_0011,9.875153385956184,-0.432368281384088,soya,1.312909496340671,2020,mofa,0.16742884338560451,0.2408504389039142,0.1270231014383408,0.031132244643596416
MOFA_UPP_0012,10.172084811056083,-0.4058582011064512,maize,1.6879197203769067,2021,mofa,0.2252245736949384,0.3835592949630645,0.19274496595864585,0.07565535545875993
MOFA_UPP_0013,10.86644057071547,-0.8076929718905987,rice,2.902467288254892,2021,mofa,0.4266895503591609,0.5482820988783719,0.308486015063266,0.03164814453338857
MOFA_UPP_0014,10.364337679890905,-1.3333055436973242,soya,0.9322713353767356,2021,mofa,0.24799508771292267,0.3383673548650402,0.11800762470881049,0.03635597355875762
MOFA_UPP_0015,10.535303923386326,-0.5047004378324044,maize,1.9932945472641888,2022,mofa,0.24851265969686404,0.38506154245781965,0.18822958406664428,0.028565132616033544
MOFA_UPP_0016,11.074383747213297,-1.0706600762260157,rice,2.832720216081358,2022,mofa,0.16857138246481973,0.2622142694718337,0.03830852251572496,0.02246558512930357
MOFA_UPP_0017,10.59422500174725,-0.7886951029223468,soya,1.4343402421862763,2022,mofa,0.06006345500801792,0.1423265508893105,0.0,0.05386504346595836
MOFA_UPP_0018,10.232189990151609,-3.1582442003291815,maize,2.143554348719213,2020,mofa,0.25616193802907644,0.3814445423891322,0.14589802037536573,0.0723757206307924
MOFA_UPP_0019,10.58284280508164,-1.8612005876733735,rice,2.751560397222199,2020,mofa,0.2490008204921554,0.42352454419329677,0.15153360768691504,0.059119061961398045
MOFA_UPP_0020,10.027510735434522,-1.3043013666387557,soya,0.7133265155788842,2020,mofa,0.28607665417942124,0.41807640727437434,0.16726271419972305,0.021323982827995636
MOFA_UPP_0021,9.984565481351876,-2.513330066301948,maize,2.2858689212084573,2021,mofa,0.24568492550990534,0.30977896193979226,0.11314391628006441,0.02086905784803891
MOFA_UPP_0022,10.20654178623903,-2.162141372454479,rice,3.0414861369798567,2021,mofa,0.1169268612010812,0.2516049128972587,0.0,0.023332813005582598
MOFA_UPP_0023,9.337261306961791,-3.506106172433042,soya,1.334702557301607,2021,mofa,0.05668127313315703,0.18961660563875524,0.0,0.02557090687042324
MOFA_UPP_0024,9.623556733301454,-2.7764795233583737,maize,1.7304331293778552,2022,mofa,0.1992318145258664,0.29784435503147233,0.13165834463279677,0.07654203622929988
MOFA_UPP_0025,9.664533351746984,-2.0664705940650765,rice,1.823530821292067,2022,mofa,0.3006973961280548,0.4713471831766346,0.20559590184498133,0.0779604536980416
MOFA_UPP_0026,10.454883584136475,-2.816382727336105,soya,0.8051530373780169,2022,mofa,0.33589196677112215,0.4409156084698541,0.2200409690427369,0.06671718004931142
MOFA_BRO_0027,7.334878071339839,-1.4634270197441857,maize,1.1648695101871342,2020,mofa,0.2543140866548086,0.3954274107453198,0.20313447700197057,0.038249172349955285
MOFA_BRO_0028,7.8641490259593665,-1.540257764675824,rice,2.970814865274394,2020,mofa,0.6255310552516838,0.62392449788807,0.4821066087398555,0.06520417294341428
MOFA_BRO_0029,7.983473367918952,-0.7059547626986593,soya,1.1081527628694652,2020,mofa,0.35232570593966916,0.538039315993084,0.30406322900637006,0.05706739107060935
MOFA_BRO_0030,7.382818053036279,-0.8782809378816879,maize,1.8339473191859128,2021,mofa,0.2675255361412305,0.3408094651499226,0.10322835395163654,0.06809289069221802
MOFA_BRO_0031,7.346771138591008,-2.250619891475432,rice,2.4548509873896074,2021,mofa,0.34554121904216506,0.4634513261768288,0.30227427781813215,0.06396058259738684
MOFA_BRO_0032,6.742128495503449,-2.0001902522805404,soya,0.6996459143207938,2021,mofa,0.4612583732426659,0.596349674345668,0.40632043827964226,0.07813208279590943
MOFA_BRO_0033,8.249163218999314,-1.8616091700123618,maize,1.9757362240943348,2022,mofa,0.33437718430490093,0.43143211901750966,0.24651057402465312,0.04312438302819359
MOFA_BRO_0034,7.216651454783333,-1.1068214279605226,rice,2.577086077225913,2022,mofa,0.4355999238036405,0.5191562614509506,0.3530629785086988,0.07500196625015505
MOFA_BRO_0035,6.875162090089021,-0.706521346763313,soya,0.6224046087915504,2022,mofa,0.2706116069533291,0.3613625369769775,0.18948908148891777,0.02285195796228712
MOFA_ASH_0036,6.2104693381393234,-2.3615991177464855,maize,1.985124143884489,2020,mofa,0.18992467826564208,0.3434136362057344,0.06310658886898443,0.07099668976396879
MOFA_ASH_0037,6.697736904868256,-1.5944335376468701,rice,2.9052150462235207,2020,mofa,0.506507790565434,0.6114246004288604,0.450680704530098,0.06107641239424649
MOFA_ASH_0038,5.178155088378001,-0.8409774313333411,soya,1.1401509232474007,2020,mofa,0.3866075214582453,0.5118152903439606,0.317714615925441,0.021118995813135283
MOFA_ASH_0039,5.134247291230147,-1.2302609893308958,maize,1.613038409827374,2021,mofa,0.2795701378283245,0.3623966460751474,0.21733821623535315,0.04236986594484561
MOFA_ASH_0040,6.452251917247684,-0.43492205908188475,rice,2.875691843383724,2021,mofa,0.4890931253885545,0.5462467192669891,0.3479856084849305,0.0564933019439319
MOFA_ASH_0041,6.7261700950281105,-1.5182810717020696,soya,0.9743862747542612,2021,mofa,0.4610745346463881,0.5474743583673468,0.3758616326548687,0.04282889521043404
MOFA_ASH_0042,6.723118838522801,-1.8868400344076002,maize,1.8377087749058,2022,mofa,0.39415392571397473,0.5439440954068606,0.31269945231751384,0.07052903923520965
MOFA_ASH_0043,6.1561839006033106,-1.0730552774348399,rice,2.773182056647658,2022,mofa,0.3843567487776637,0.5201948259111291,0.31541340815642954,0.03645346378339194
MOFA_ASH_0044,6.487339990651993,-1.1495577272948914,soya,1.07035379474329,2022,mofa,0.2846751400366004,0.34737289246386693,0.17639128143889554,0.03316375268317254
MOFA_EAS_0045,4.963945534415706,0.704239397802217,maize,2.4097796565146403,2020,mofa,0.3313504055680001,0.3737559663717029,0.16964223691107,0.06401274960690162
MOFA_EAS_0046,6.329541244428623,-0.5068650413503791,rice,2.433860606144362,2020,mofa,0.33059425025938827,0.41641689182606045,0.245966729488711,0.05661493274488337
MOFA_EAS_0047,6.287354470091549,-0.08386647615911946,soya,1.2895303331628951,2020,mofa,0.3561299549209464,0.48755571624778066,0.23352526365839738,0.023576193250934168
MOFA_EAS_0048,5.200682239541258,-0.2466459106318632,maize,1.6303167102509613,2021,mofa,0.2849095347721147,0.43042075104177313,0.16833422314924634,0.03527032826043435
MOFA_EAS_0049,6.304396525838369,-0.7913217613917278,rice,2.366970855761393,2021,mofa,0.3729536853132805,0.49392984809106305,0.35133341615221236,0.029532305502019112
MOFA_EAS_0050,5.9567885920936945,0.0668377578129451,soya,1.2023628434156868,2021,mofa,0.3675833642671546,0.5134606006362454,0.26501056586182115,0.05662073171710445
MOFA_EAS_0051,5.526620697720895,-0.31542481163058467,maize,1.9854413452254764,2022,mofa,0.29265347760716914,0.4046035478524532,0.209563962983717,0.028027847529437367
MOFA_EAS_0052,6.720196388542953,-0.7538401426953293,rice,2.287754901688558,2022,mofa,0.4428253136464259,0.5431164042454963,0.30092821301908396,0.0612877737442009
MOFA_EAS_0053,5.894181811635567,0.07651112975307439,soya,1.4005937350704425,2022,mofa,0.14933476262607523,0.2668211935903523,0.09185020309129152,0.07886568112356869
MOFA_VOL_0054,6.914402077769613,-0.18096654347526064,maize,1.4092391823225494,2020,mofa,0.2707525625332392,0.4125589388584863,0.1357663888436777,0.04405045930784038
MOFA_VOL_0055,7.546078495776977,0.674672087911029,rice,2.5866039749825487,2020,mofa,0.5344141895955663,0.6856567683336523,0.4422175117449961,0.05880322444555003
MOFA_VOL_0056,6.443144076680063,0.38635649157311847,soya,0.8379524507345834,2020,mofa,0.27588908023183023,0.41061904584106046,0.2426872747117117,0.05834475085836423
MOFA_VOL_0057,6.660816144623956,-0.15589048683991502,maize,1.936074865061257,2021,mofa,0.4590918928099215,0.5380815514916939,0.38060339763258066,0.03729306359253197
MOFA_VOL_0058,6.451101151540594,0.8358680012215458,rice,2.7495287748344293,2021,mofa,0.3224534008711386,0.4046050731795417,0.2867464230199538,0.0782931726911047
MOFA_VOL_0059,6.427274891487197,0.1637526272915678,soya,1.0982166474959327,2021,mofa,0.2608816132357517,0.3725896459293353,0.12712699063297572,0.03416949599771059
MOFA_VOL_0060,7.044125276417629,0.7687693635192601,maize,1.506363039618256,2022,mofa,0.29474471609260977,0.3604185481798559,0.18384164244299492,0.07189062629012492
MOFA_VOL_0061,6.259894935779722,0.28162128551907,rice,2.3312605976590026,2022,mofa,0.4399964631708219,0.48582904154091866,0.334982924130913,0.040598525107160166
MOFA_VOL_0062,6.425669389507945,0.9826864350679652,soya,1.07654467799082,2022,mofa,0.2976596348664651,0.45367418736957066,0.1761322450041767,0.06520582581298993
MOFA_GRE_0063,5.345350681540705,-0.48768422460653627,maize,1.9663516722307623,2020,mofa,0.36149310829385517,0.4911881626011105,0.3169339418988151,0.027544147545965354
MOFA_GRE_0064,5.239949173559334,-0.4650270733397254,rice,2.332562862811455,2020,mofa,0.44205628782557893,0.5356690204708282,0.38746738627028116,0.07709289174630023
MOFA_GRE_0065,5.465092622312087,0.4194458302126582,soya,1.0514462467479764,2020,mofa,0.412549605575799,0.561221516985726,0.39478981086813014,0.06085203056196023
MOFA_GRE_0066,5.347083984695947,0.8752799582849418,maize,2.0846446820197286,2021,mofa,0.31923332245174546,0.4385484226149803,0.17620310802435563,0.03149809517098808
MOFA_GRE_0067,5.676960311833503,0.6050139708340003,rice,2.408170453202337,2021,mofa,0.23940469935873934,0.30166486820190846,0.15049040995977694,0.07549194916141969
MOFA_GRE_0068,4.566950317498707,0.42482533767071023,soya,1.3299937005191285,2021,mofa,0.29676190030664695,0.39998344444123235,0.21429349505807252,0.0330210263135726
MOFA_GRE_0069,5.100386057623659,-0.3427560934514671,maize,1.9368897086573569,2022,mofa,0.3075976077757202,0.4345843776323821,0.237677312898286,0.07010483080939985
MOFA_GRE_0070,6.012865746419145,-0.716652082393707,rice,2.6533667184535,2022,mofa,0.46556977692714063,0.6079984498519722,0.3617164304601939,0.06459984911015665
MOFA_GRE_0071,5.631904423408599,-0.5867550386177192,soya,1.4954856086144277,2022,mofa,0.5167940712373759,0.6361185069462152,0.39320906457717086,0.06225426312301387
MOFA_CEN_0072,5.730052869883241,-0.4801725080870952,maize,1.6564429728346803,2020,mofa,0.5334730506283984,0.6084492593504119,0.37743953085397536,0.07949332901987509
MOFA_CEN_0073,5.419574919072296,-0.17880468992256704,rice,2.0790370140533807,2020,mofa,0.3032942794174406,0.40334316067683995,0.16166328051730455,0.03578618907532054
MOFA_CEN_0074,5.2397860040459925,-0.7800444079518285,soya,1.18002618643354,2020,mofa,0.37571668689851784,0.4814906771153159,0.2777137105451285,0.07309828649849476
MOFA_CEN_0075,5.393108898483428,-0.7820684951155402,maize,2.1921451605238187,2021,mofa,0.44161634257188476,0.5557469732822867,0.35922063222944667,0.03747339705278868
MOFA_CEN_0076,4.821153886098022,-0.48907617533641645,rice,2.8208512985846,2021,mofa,0.28236099029578354,0.32957572898042703,0.18562765674226264,0.05168784269664661
MOFA_CEN_0077,5.65821448700839,-0.6829328933062224,soya,1.2810696009301148,2021,mofa,0.35138837939545414,0.5057067895020233,0.26077738674366524,0.05042873506587585
MOFA_CEN_0078,6.3353166565973416,-0.7233151235827131,maize,1.2446636943388385,2022,mofa,0.3207243320926569,0.3821851361540971,0.20293735456210985,0.07511970950581248
MOFA_CEN_0079,5.483505430951689,-0.9508170162020809,rice,2.819305726311601,2022,mofa,0.40009549145773066,0.49501168493043923,0.23480899095389868,0.07794544833345514
MOFA_CEN_0080,5.435560828211688,-1.2530855245585026,soya,1.0499253524562626,2022,mofa,0.37300302740507596,0.5066026701236556,0.2604451276794305,0.055907246117739146
MOFA_WES_0081,5.31497571316987,-2.4150211867319484,maize,1.9886081224940089,2020,mofa,0.1623199056791928,0.2648261124992206,0.042640587495595544,0.038220765764357206
MOFA_WES_0082,5.0380488477002965,-2.768124097645785,rice,2.705623599251431,2020,mofa,0.509464070204243,0.6272431489686586,0.430811497702767,0.02996432929685538
MOFA_WES_0083,4.780205892691092,-2.006824313655515,soya,1.3333353211943546,2020,mofa,0.43261932801168873,0.5498938056891958,0.29389282884326096,0.02997838084583702
MOFA_WES_0084,4.717197637412603,-1.7099360590712722,maize,1.7040257315587783,2021,mofa,0.344015376055998,0.44115751272798504,0.3036987316672781,0.07953828787588732
MOFA_WES_0085,4.102353918528577,-3.124996468429625,rice,2.955728643053789,2021,mofa,0.16564322721452684,0.2575525010021428,0.1044334230065791,0.027738099270594903
MOFA_WES_0086,6.184845442872586,-1.2906494935495876,soya,1.4524073134522513,2021,mofa,0.5003680971500453,0.616968495492836,0.40545891258959654,0.0743928343510893
MOFA_WES_0087,5.641819691620562,-1.6199562534629914,maize,1.6560659742844546,2022,mofa,0.5374784218970251,0.6460153445177308,0.37546005116399606,0.049644196722543915
MOFA_WES_0088,5.480350548303008,-1.9026899986610308,rice,2.527048040508532,2022,mofa,0.44762434790208755,0.5584642968046685,0.38898067913711837,0.07861322958528996
MOFA_WES_0089,4.701127966015223,-1.682798998004501,soya,0.8838100987801489,2022,mofa,0.39679875938054987,0.5047607721913145,0.27201910923800804,0.07332184312643826
SYNTH_00000,6.515140550973232,-3.1155385414291517,soya,1.437271766120448,2022,synthetic,0.3783986354986281,0.44046811192404334,0.24125817268413924,0.06712014394181975
SYNTH_00001,10.877214833801386,-2.0992819666260605,maize,0.8207985632112642,2023,synthetic,0.3668834425625722,0.4266868316195624,0.24133834002650684,0.058601770762739314
SYNTH_00002,6.634784642734624,-1.5576077609489538,soya,1.575070709044861,2021,synthetic,0.5132218111751548,0.6324494285553144,0.3905190046651198,0.04761552155967557
SYNTH_00003,9.832001221589689,-2.3369877840129725,maize,1.033829619982791,2023,synthetic,0.209249705411297,0.3158595128067706,0.10941231644581079,0.04602180847949386
SYNTH_00004,9.261241623068138,-2.7677025168312817,rice,1.2715308514729218,2021,synthetic,0.3454852832851301,0.47745430030912706,0.22489182375242533,0.030706638844596665
SYNTH_00005,9.70623181695993,-0.58575431287312,soya,0.7148905549374571,2021,synthetic,0.18900329780158023,0.26660385204576004,0.14349488872371086,0.05493919667677777
SYNTH_00006,10.742644906360198,-3.471573712674523,soya,0.8977267633527748,2022,synthetic,0.20647879383250242,0.2692832146909672,0.10255005208888336,0.06049877396437371
SYNTH_00007,5.677258506914159,-1.9092746329764085,maize,2.080738496805342,2020,synthetic,0.29231477846004217,0.427039623672138,0.24922392091599496,0.0670148094371885
SYNTH_00008,8.967342772801187,-0.8642423879081518,soya,1.389536600202746,2022,synthetic,0.2359192256464494,0.3226984858608454,0.07125263264120091,0.02692780395104912
SYNTH_00009,9.605272065297381,-2.6447768986942046,maize,1.4130722413482892,2020,synthetic,0.18523676136637088,0.2975603412464636,0.07346050222759964,0.023759860810352973
SYNTH_00010,8.73814628119047,-2.489418247872056,soya,1.2833695590264207,2020,synthetic,0.15676527269892682,0.26764805526387914,0.014853838662951535,0.059932696367179183
SYNTH_00011,5.373171907961119,0.20354238254426527,soya,1.5872424158615432,2023,synthetic,0.4684674567624965,0.5514993117085066,0.3095639707965515,0.04166048660482992
SYNTH_00012,8.881930717376857,-1.7978314406847447,rice,2.4607636315060937,2020,synthetic,0.4396644377826848,0.473190900381765,0.310211017346074,0.022034664501672418
SYNTH_00013,9.612120829274804,-2.0749146949694928,maize,1.1633951965539162,2023,synthetic,0.1917774725926264,0.24157993048803808,0.0475188727070851,0.04953769913327451
SYNTH_00014,9.29341242374621,1.0058065229247397,soya,1.0378623325009297,2022,synthetic,0.3033742178049999,0.3646182988675897,0.15810203637721015,0.030628935933195
SYNTH_00015,9.756318321786884,-0.6215081856486373,maize,1.7670767087057841,2023,synthetic,0.12171900963349763,0.23974924700694542,0.018465123186633237,0.038603414150968615
SYNTH_00016,10.530618313591889,-1.8258440945462149,maize,1.487182609827584,2020,synthetic,0.1375708520227352,0.1985758738629444,0.004997182594888294,0.04598591172013625
SYNTH_00017,7.961041135979233,-2.474824163260478,maize,1.2978373627801219,2023,synthetic,0.2243856449297733,0.355525891096906,0.09614619219017717,0.04907434219467533
SYNTH_00018,8.23849511233458,0.22360788491647332,maize,1.8342325489977573,2021,synthetic,0.3023334455008367,0.3691935026610857,0.21282653677868926,0.05185692210319355
SYNTH_00019,9.73772417915331,0.060992897201229024,rice,2.0328596776435597,2023,synthetic,0.20035162944229687,0.29924886550937546,0.06839290162996264,0.07197675828579188
SYNTH_00020,9.524767123908752,-2.8150176640612825,soya,0.8326417957764995,2023,synthetic,0.2659675172896179,0.3866869668373303,0.16213432982534418,0.057347613758977095
SYNTH_00021,9.67996983351998,-2.1731207169515887,rice,2.3686379075031563,2020,synthetic,0.3855435055355261,0.4418203455521921,0.24073733507897155,0.05909026879180161
SYNTH_00022,9.02368629904732,1.3663407388264206,soya,1.1205519920209361,2021,synthetic,0.3948674881389267,0.5111293235864558,0.315062933610152,0.05033646514442931
SYNTH_00023,9.325099173939353,-0.25586158599262854,maize,1.686504275051501,2022,synthetic,0.37952850686037515,0.4933148855178689,0.30411515809817463,0.0706059516563104
SYNTH_00024,8.673444101069355,-0.8118863273820596,soya,1.4277614737194941,2021,synthetic,0.2973870790981841,0.3916938738389815,0.2162777450742471,0.029325694823342525
SYNTH_00025,9.128548499988431,-3.222507729254696,maize,1.6521923253495934,2022,synthetic,0.3427907218393155,0.4125862989575109,0.20687663987700342,0.03337908569352374
SYNTH_00026,4.568891135733266,0.18314134141136673,rice,3.1437397190303926,2023,synthetic,0.4189128401932642,0.5296427459036845,0.29410089331097305,0.06902378548280332
SYNTH_00027,5.130714376503154,0.12985903869974802,maize,1.8348877646312967,2021,synthetic,0.20990747894081777,0.27994864981221185,0.07694965217857122,0.05618452616069351
SYNTH_00028,5.23423748063241,-2.6253643385220458,maize,1.582562475541199,2021,synthetic,0.23596815432448595,0.35618111809436337,0.16959221579126238,0.06363955826933526
SYNTH_00029,7.743336344686015,-2.060137928238274,maize,1.6576431899018416,2023,synthetic,0.24510067705081906,0.3174430946014154,0.18124882490955446,0.05784080742518516
SYNTH_00030,7.800034512676034,0.1126654864415908,soya,1.0964495128757594,2020,synthetic,0.34102048566083487,0.4536001830741948,0.23175206915646426,0.05187020902695254
SYNTH_00031,10.036189339887292,1.0001412119647979,soya,0.6034820791580007,2020,synthetic,0.20489976355749806,0.3460295992925503,0.14786398992101635,0.034135089005194276
SYNTH_00032,5.424778732712655,-0.9792982073296073,soya,1.6771375429335655,2020,synthetic,0.3047814071853512,0.3798779020452511,0.16621163191381683,0.06766919526187527
SYNTH_00033,10.958668325451576,-1.0569129064995666,maize,1.7317320819612423,2020,synthetic,0.36631607615432016,0.41755952977055383,0.23162508156471723,0.03129771171530828
SYNTH_00034,10.532814982641058,1.2977412175507306,maize,1.7007795357702078,2021,synthetic,0.1701044595839754,0.3204374471178961,0.03229630970478989,0.05833744543582528
SYNTH_00035,6.74871295117236,0.05663427351563799,maize,1.8697844870253604,2023,synthetic,0.375519143337593,0.5037798201793502,0.24891544565969087,0.030351174349140066
SYNTH_00036,8.01415347732884,-1.3092726119855413,rice,2.530937938102753,2020,synthetic,0.4340495824682996,0.4831496439138975,0.2943012489594609,0.06277968607184223
SYNTH_00037,8.845458988880548,-0.4280366447608426,maize,2.157842111852896,2023,synthetic,0.24917081552252274,0.3045969825569569,0.13056242446842975,0.05082691129338279
SYNTH_00038,9.204607638987067,0.48894799725164617,rice,2.2258162692313808,2020,synthetic,0.5991709830383658,0.6845114612806834,0.46180148289738143,0.06415261566753014
SYNTH_00039,8.095470061122494,0.43894639873414665,rice,2.254104302213386,2022,synthetic,0.3496013048181157,0.4162412485748036,0.20436317481699046,0.025009805552300052
SYNTH_00040,7.261715399026091,-1.5888148440571572,rice,2.7634199963786843,2023,synthetic,0.3699612926268371,0.4581713302610392,0.2760990712074842,0.04598791615251225
SYNTH_00041,5.68757243684578,-2.044233234700524,rice,3.1086988226218364,2021,synthetic,0.5030632015080819,0.6292420302143766,0.3883801744275841,0.05716727429805661
SYNTH_00042,7.643056425456105,-3.074895995455009,rice,1.9997805600032637,2022,synthetic,0.38472981844282356,0.5200288739399367,0.33034309176207294,0.04439827632473205
SYNTH_00043,4.92106526941427,-2.5432221491957643,maize,1.9975848757723351,2022,synthetic,0.3118065358220635,0.3678289083779044,0.16964969349324094,0.06463963470037404
SYNTH_00044,9.046234338311791,-2.410260268399181,rice,1.906114276562072,2023,synthetic,0.48726172577560634,0.6691539523583343,0.4831631898571668,0.029411505595186398
SYNTH_00045,5.1208280373064685,-1.3891120029561197,soya,1.33830501356091,2022,synthetic,0.23758312428132122,0.3334673405820292,0.104101483254811,0.03544783446257244
SYNTH_00046,8.074422346249825,-0.26394807232906503,rice,2.554238189326438,2022,synthetic,0.27217661529443826,0.3676631835525953,0.1928069108033703,0.057831178535810684
SYNTH_00047,7.2143142157075015,0.5735669539178669,maize,1.1799136750171622,2021,synthetic,0.2083988888994602,0.30942135114580904,0.14290498945328522,0.06763414560861379
SYNTH_00048,8.505422288253659,0.7674679924385428,maize,1.9292531027553002,2022,synthetic,0.3264004121877066,0.4224439101424179,0.18233779360747154,0.055569607661682646
SYNTH_00049,4.905164173856364,-1.0143934404422472,maize,1.8699763258138284,2022,synthetic,0.4125355263881643,0.5163124748438563,0.30284367858057737,0.027932650222339237
SYNTH_00050,8.402635236687065,-0.5864939091569328,rice,2.790856501379045,2021,synthetic,0.3752714722956368,0.4372904563931689,0.26533961799870004,0.03548139589359951
SYNTH_00051,5.1408231384885825,1.0009326284417837,soya,1.140865968227981,2023,synthetic,0.2846926967027155,0.3794198617305756,0.1960670245435333,0.07292089774264889
SYNTH_00052,9.886230333522846,-0.3091436824514249,maize,1.2940546794109407,2020,synthetic,0.25451265691418457,0.3869515517372133,0.13926953814415247,0.05594762667870615
SYNTH_00053,7.575166181503894,-0.0014099132754394894,soya,1.4961077296783474,2020,synthetic,0.4409958937495803,0.567801343761261,0.35486188591002854,0.024227397115815046
SYNTH_00054,7.914308371914064,-1.646328443920371,soya,1.3281398330034175,2020,synthetic,0.2516821851750192,0.3234225701602799,0.18318462967272536,0.040503944987727414
SYNTH_00055,5.594537242035521,0.36055321942045193,maize,1.628143821713667,2022,synthetic,0.5198836300678281,0.6107938709470507,0.39872452553644505,0.07927866875780556
SYNTH_00056,4.935606567781041,0.06270795666788853,maize,1.8340374097824412,2021,synthetic,0.4718329548357564,0.517589629577537,0.3575580834438088,0.041301349271956264
SYNTH_00057,6.861786605320038,0.05849293021258539,soya,0.8562344066564456,2022,synthetic,0.3293645260509584,0.44709331328631396,0.20509024797796138,0.07130122134515988
SYNTH_00058,4.726534130217722,1.4279201712986502,soya,1.5974847363195246,2020,synthetic,0.5078917587027724,0.5609314701940901,0.4142554227756126,0.06705212263125178
SYNTH_00059,9.664902779439394,-0.7435801773564461,soya,1.0400456673760534,2022,synthetic,0.23165057077835063,0.36896292295343797,0.1802341049229794,0.048898569776545955
SYNTH_00060,6.592846095674394,-2.089745444869434,rice,2.944527788257305,2021,synthetic,0.41212045429387967,0.5069713244611798,0.32113665425349514,0.04542377327646957
SYNTH_00061,8.479344543896238,0.5386174434929734,soya,1.4003863953974882,2020,synthetic,0.17489991676234173,0.3090599382386662,0.09255152907969257,0.05160754433017063
SYNTH_00062,8.85955516602046,-1.0855048468598163,maize,1.8682051986147865,2021,synthetic,0.39936730072863774,0.5321239678472043,0.322454946510153,0.06898557114135316
SYNTH_00063,10.627401012572717,-2.237162084458316,maize,1.274927102610111,2022,synthetic,0.07870411208446064,0.1861760614283101,0.026371607724980387,0.02481896730167138
SYNTH_00064,10.629436020134243,-3.1681389515190004,maize,1.4781868013899724,2023,synthetic,0.3376080257879169,0.43618868719910664,0.24967621878858615,0.024215060045408215
SYNTH_00065,7.788465577886312,0.7336685562697305,rice,2.3958812304253665,2020,synthetic,0.361609614433923,0.4552270082058426,0.22046088155864135,0.0764723740071224
SYNTH_00066,10.029478058484885,-2.8115443153652535,rice,1.6222313620668114,2020,synthetic,0.34104448169175533,0.4852265558700611,0.2844992074728028,0.07727588725322415
SYNTH_00067,7.146876401856515,-2.6934255894185997,maize,1.6841151362168854,2020,synthetic,0.14037068019642726,0.22286591244657086,0.042269654680775426,0.04557345867050383
SYNTH_00068,8.923580420945225,-1.9170070322255286,rice,2.3872334947971674,2021,synthetic,0.26685972971090793,0.34344655054169204,0.1338140957666929,0.05847398310275785
SYNTH_00069,5.190431487957401,0.36627453558976963,soya,0.5,2020,synthetic,0.47213238962895887,0.5359147969332329,0.35315575603939897,0.04252008508765537
SYNTH_00070,10.68915188591587,-1.1108588072802483,rice,2.3788335378034096,2023,synthetic,0.15238994470764222,0.2570483853225175,0.10417762141177028,0.03649252923470263
SYNTH_00071,6.133991519241865,-2.7514258529467934,rice,3.269916445279069,2021,synthetic,0.3698237215825898,0.5086911291795742,0.2650980107924918,0.05728810345695444
SYNTH_00072,10.617422750468396,1.2860921150762348,rice,1.564560815775096,2022,synthetic,0.22646648417624626,0.32752378150914874,0.14081199092751298,0.030211532086245073
SYNTH_00073,8.258242903594528,-2.986073296119237,maize,2.0118945152830534,2020,synthetic,0.2726303937332742,0.3261498950487581,0.14334318955712505,0.067029377914315
SYNTH_00074,7.834690730406659,-0.7869171462529603,maize,2.044304128418003,2021,synthetic,0.46708460451861383,0.5493660382130497,0.3652758784562608,0.03190494953372197
SYNTH_00075,8.920258358576369,-1.8230147378278025,rice,3.150834053432691,2020,synthetic,0.2326780061239058,0.325560012980606,0.1531143816348236,0.027098483274629125
SYNTH_00076,8.054261685641352,-1.483989568146526,soya,1.0814781473527493,2023,synthetic,0.31306741397377064,0.42905681432657017,0.20096159000398583,0.03479147572232266
SYNTH_00077,10.298880873328235,1.010246237920744,rice,2.727658270544886,2022,synthetic,0.3590950607292166,0.3833978407189847,0.27724884515747733,0.04905817748183748
SYNTH_00078,5.555132425080252,-1.7740076452482714,rice,3.030459011003825,2021,synthetic,0.4134043489840667,0.4967223898001954,0.2567690781872488,0.05073685019268584
SYNTH_00079,9.803624101002548,-2.1121638517155343,maize,2.337402272053735,2020,synthetic,0.36863830334643727,0.4699194132051547,0.23829192144780115,0.05146857875820246
SYNTH_00080,10.575640170484679,-1.2626077347084839,maize,1.4576037105323076,2023,synthetic,0.2753412249726711,0.34421058013401723,0.14971150989242493,0.04990596746254378
SYNTH_00081,9.196046317400768,0.7792435861961495,rice,2.4857708566561536,2022,synthetic,0.3096287824769674,0.3721846114056416,0.20107667187525324,0.021575808415450547
SYNTH_00082,8.35535516282667,-3.0317555504860207,maize,1.8189662859459295,2022,synthetic,0.22503169318237,0.36117810752679946,0.14843421321494055,0.059669438337952505
SYNTH_00083,9.126596589072586,-2.705338536023611,soya,0.720288275739968,2020,synthetic,0.43850433537252814,0.5705871227537042,0.39621554551555827,0.05018830425576581
SYNTH_00084,10.649291563280986,1.362624749063638,maize,1.101798403096438,2020,synthetic,0.39423792775010397,0.44501764626408963,0.2631074694576444,0.05366656576358811
SYNTH_00085,5.547246605160388,1.084111512242587,soya,1.5967333841542561,2023,synthetic,0.3057220378743435,0.3774536094879138,0.21178442750014934,0.06692279397126466
SYNTH_00086,8.362366551775278,-3.1026411137203422,maize,2.355689854903571,2022,synthetic,0.24670567452215514,0.32035970716584117,0.1790578156063795,0.05591369676035053
SYNTH_00087,7.252857921969905,-1.7252870030279568,maize,1.7059277151865233,2021,synthetic,0.26113556700611135,0.3870470221012451,0.12199574838958213,0.05846755201052223
SYNTH_00088,10.096398112682675,-1.5933390579410287,rice,1.8970314137753141,2020,synthetic,0.35445856865675424,0.4980725168104836,0.20308827925703257,0.07499508302289759
SYNTH_00089,8.271296821768349,1.392960187915385,maize,1.5288426795280388,2021,synthetic,0.3544852946547831,0.5041404417392674,0.32739370152406433,0.05822584135796005
SYNTH_00090,10.557484307518395,-0.0722832839863985,rice,1.798114305549692,2021,synthetic,0.1407918534403823,0.24861276256781595,0.07168608144127331,0.06097652702656019
SYNTH_00091,6.724666546066917,-0.9308422247882122,maize,1.9487984647927536,2023,synthetic,0.4613168524306848,0.4958915075102097,0.34432672546044424,0.04771954163534874
SYNTH_00092,6.75505695791327,-0.6099609706176148,maize,1.8732681567659255,2023,synthetic,0.27512661445604736,0.36361477636647976,0.17407704313248545,0.07852145761422753
SYNTH_00093,8.253115093457794,-2.4831864056010113,maize,1.6907492330752223,2023,synthetic,0.18482146282925976,0.2680196090471815,0.06294781768065405,0.04687005469823153
SYNTH_00094,7.688185199264632,0.4086776003753161,maize,1.215236883782167,2021,synthetic,0.18493817508919957,0.27756974189769634,0.07736197383595338,0.029390517270696668
SYNTH_00095,6.442769412121509,-3.2246701277648633,rice,3.3075410083563836,2021,synthetic,0.37382317866294174,0.49887863041512814,0.3054823611140347,0.06846899197390742
SYNTH_00096,6.407431318939596,-2.3398234893309384,soya,1.10063116788292,2020,synthetic,0.2947650021594223,0.3650750443234788,0.22274449735767102,0.046323953701634696
SYNTH_00097,7.200804856150043,0.24095564871169994,rice,2.9274178012532275,2022,synthetic,0.14210259238780834,0.27855275536091695,0.10636064672010842,0.07780756243829896
SYNTH_00098,10.67637910077935,0.21997675616210532,rice,2.424054176511861,2021,synthetic,0.3626337827040353,0.4561734988746326,0.3484218589460195,0.023553815229617567
SYNTH_00099,9.645582428785186,0.8786413063452363,rice,2.2167308673855595,2020,synthetic,0.23316702981439089,0.30563557236715966,0.09313776091699014,0.06510503229493379
SYNTH_00100,8.881126233980305,-0.055032618288002766,maize,1.6436087108011923,2023,synthetic,0.2819754766305885,0.3713683284786842,0.16556876161094486,0.03133863078417862
SYNTH_00101,10.700579849224786,-2.5853809449321417,maize,1.6579582287145502,2022,synthetic,0.4045323072188624,0.5193396933467891,0.3488592900322727,0.045120179907164326
SYNTH_00102,7.087360961123998,1.1044783303184218,rice,2.6066974776332317,2020,synthetic,0.45627233667382977,0.5425358930487365,0.3263198794267843,0.05417064478625576
SYNTH_00103,10.060620707361776,1.1340316714666034,soya,1.3725319647198269,2022,synthetic,0.2979341560212824,0.4253639895964849,0.2151063247152226,0.07978548457823638
SYNTH_00104,8.698867539296263,-2.9266554188918255,rice,2.579790938543198,2021,synthetic,0.3866006809970726,0.45497755887150104,0.34595217550286417,0.03550287076278999
SYNTH_00105,7.722917757429936,-1.3658980920491963,soya,0.9640435105141963,2020,synthetic,0.26342908704973206,0.4040782822961791,0.2047445388410405,0.029658970741697915
SYNTH_00106,4.54176992361593,0.5450179268925615,rice,2.891918731941442,2022,synthetic,0.3869394643630896,0.5122363442263111,0.31173026979651985,0.030941352191617564
SYNTH_00107,9.735226780902417,-2.0331218584164574,soya,1.2113634670738025,2021,synthetic,0.18206415283044014,0.2667235344585629,0.1495056579082097,0.04239441010637772
SYNTH_00108,5.764479407608734,-1.27500669260038,maize,1.7506493416752915,2022,synthetic,0.3823339441538073,0.5378928936328847,0.32695627052789233,0.06382899425643553
SYNTH_00109,8.962853759603913,0.1804443857958402,maize,1.7354402294286762,2021,synthetic,0.3337626634418994,0.4893670468468208,0.21818789476827394,0.060265688475605844
SYNTH_00110,5.440293327198902,-2.3588715846335693,soya,1.3338752085293901,2023,synthetic,0.36931564774698145,0.4634351116419132,0.30541906106322814,0.06198249538005032
SYNTH_00111,4.592801330879363,0.24548188320629727,rice,3.1103345025147786,2023,synthetic,0.40712088909682886,0.5324770051575491,0.3320822047796228,0.03058115381818713
SYNTH_00112,9.319316139460984,0.931732681048997,soya,1.0820187495498783,2020,synthetic,0.42908847106747755,0.5593962341134591,0.3553246821072232,0.050633394240751715
SYNTH_00113,8.775550581535217,-2.679178009421597,rice,3.044724127544686,2021,synthetic,0.3212313375449088,0.38579822246404005,0.25420141345342584,0.06248778483813727
SYNTH_00114,5.45364559398585,-3.1423005541392044,rice,3.2300078641969474,2023,synthetic,0.43660603163761397,0.4793378166328175,0.3012499411619567,0.06343787802954624
SYNTH_00115,8.47688235303594,-0.3907473467327569,rice,2.3986830984352476,2021,synthetic,0.3637265228096155,0.46817223477027414,0.2796522281867064,0.025696826244863195
SYNTH_00116,6.496065243393506,-1.3538304538966197,maize,2.0590645826912652,2020,synthetic,0.5452288293739859,0.6236054674681559,0.4352375501542483,0.07184258905918271
SYNTH_00117,6.0447967331684485,-3.451693836376829,soya,1.0904274588880605,2020,synthetic,0.4064448449599544,0.5873628553634586,0.3082009026958021,0.038307534151701475
SYNTH_00118,6.30282696764688,0.9466112273474376,soya,0.6220527865966995,2020,synthetic,0.45558743168307875,0.6044201646819658,0.363212426819974,0.059483323720691775
SYNTH_00119,9.343370168471399,-2.4889192875581188,soya,0.8961190722763094,2023,synthetic,0.42684882537789054,0.49906339487454804,0.37095002796431675,0.02904580577077103
SYNTH_00120,7.736379709574537,-0.0071653984487976,maize,1.8564756724849725,2022,synthetic,0.15122948444790807,0.2806520895763674,0.056284519534259725,0.029683374235778392
SYNTH_00121,6.918749612946501,1.0894261041910074,maize,2.2031106078302014,2020,synthetic,0.6025664865112379,0.650246200648275,0.4903568331196455,0.03687985098115343
SYNTH_00122,9.018688938561016,-2.1841122056601288,soya,1.3875267313833979,2023,synthetic,0.47426792386577576,0.5648936168091926,0.40551659160542936,0.04124948063553384
SYNTH_00123,7.748920406262956,-1.048074323035308,soya,1.4945914303784693,2021,synthetic,0.3801847832919984,0.4932162146802968,0.29152582481699796,0.06014248236937919
SYNTH_00124,6.529259339266692,0.8502322144037633,soya,0.9310742747959251,2022,synthetic,0.37016083496062885,0.47071934783861125,0.272959010263516,0.04944647357333885
SYNTH_00125,7.538381433124989,-1.2754520780239877,maize,1.9290564537925843,2020,synthetic,0.24645203629960527,0.31946914080682043,0.1733234159097076,0.030928425228237452
SYNTH_00126,9.420916035016997,-1.693275684932857,soya,0.8275955847811536,2022,synthetic,0.2409246541819496,0.39634970015620685,0.20741050179649392,0.056271463804193025
SYNTH_00127,8.655870371354041,-2.652069349499458,maize,1.2176798451626345,2023,synthetic,0.2972919068618994,0.3232038781733026,0.18193339076688314,0.039983777258459724
SYNTH_00128,7.114258151282382,-0.32354296452658193,soya,1.4163731587833592,2022,synthetic,0.3064135163035404,0.41866113178900477,0.2277552376849265,0.031263151119961044
SYNTH_00129,6.153024970957455,-0.17075589699737392,rice,3.1954708510451506,2023,synthetic,0.45041520522878814,0.5711708910234752,0.31417573438412505,0.02844751507868653
SYNTH_00130,8.71909457483694,-0.7422916141267315,rice,2.0156276771447232,2020,synthetic,0.40506072581466046,0.5343571888648505,0.2455527288034926,0.06768080951584951
SYNTH_00131,5.627422876347379,-1.7684940002524594,maize,2.0136896715097454,2020,synthetic,0.39625285049364856,0.46067965365884045,0.2283867859212012,0.02372228687196696
SYNTH_00132,10.099662215680244,-0.26402426189637973,rice,1.6825337292415816,2023,synthetic,0.4314018686684293,0.5379051333490648,0.31993486430860063,0.056115150626113885
SYNTH_00133,9.954637689551427,-3.3415719289274266,soya,0.5294018209352763,2021,synthetic,0.12517808213495993,0.26757127719216667,0.018021350908646608,0.061315490574834056
SYNTH_00134,4.982396966173653,0.9708725578763877,soya,1.3631914895357178,2020,synthetic,0.5639537002732276,0.6976979510590149,0.4445286370796105,0.04419085140372031
SYNTH_00135,9.347010068523911,0.3472013737755306,maize,1.5045826142800134,2021,synthetic,0.34213477197823783,0.42814011499211513,0.28580055641748814,0.04167808317072825
SYNTH_00136,5.208789769196682,-3.257528178685231,maize,1.7481355301095682,2021,synthetic,0.4091668929193701,0.45635058153833596,0.3242762369833516,0.04470885780766849
SYNTH_00137,6.316498103626607,-2.580760367755414,maize,1.7681362655797848,2021,synthetic,0.37148493302306673,0.4867848759247776,0.2305617728077819,0.040388481413806396
SYNTH_00138,9.660454423516457,-0.9583604663893546,maize,0.9729086442468744,2022,synthetic,0.35027762075792646,0.4392563761339616,0.25907689907757997,0.06934956271096487
SYNTH_00139,10.479610002712143,-2.932884604581078,rice,2.201016412294672,2021,synthetic,0.2328225897782547,0.32062139797085887,0.13229113251964872,0.07464513702953011
SYNTH_00140,9.035511305727171,1.3842813940383731,rice,1.3754487454353117,2022,synthetic,0.39602035115676937,0.5398904348884657,0.3065940374981926,0.054082409913739096
SYNTH_00141,5.530087171900409,-1.57348759796239,maize,1.623606819302391,2023,synthetic,0.4413005649633193,0.5406245411086226,0.33241484210179767,0.049082709804567
SYNTH_00142,10.67881024275271,-3.3337783481225784,maize,1.1393476046459052,2020,synthetic,0.17693365590157922,0.2288187978126469,0.07929107209745731,0.07673902051640565
SYNTH_00143,5.447444013802169,-0.4420292221343214,rice,2.6214647485946614,2022,synthetic,0.39073199486571714,0.459608509973718,0.301811785634311,0.07454765632055498
SYNTH_00144,10.565778515342778,1.0012051882460637,maize,1.3346072046059014,2021,synthetic,0.2463080915983499,0.37401804145654094,0.19264800535536863,0.05187156069295694
SYNTH_00145,8.693286821040621,-2.841097558477571,soya,0.9421774937290248,2023,synthetic,0.2681769597553261,0.3859649659410839,0.23355257758178571,0.04687505419352158
SYNTH_00146,5.287467664420967,0.09257410785638776,rice,3.3227894870896098,2021,synthetic,0.4975497532791089,0.555215712104001,0.33970040256666717,0.039121434463685864
SYNTH_00147,6.414861393557145,-1.3105361132842015,rice,3.1946755272405225,2023,synthetic,0.44723902967517054,0.5733481034069972,0.3772036733223825,0.06669158407296377
SYNTH_00148,9.203771544824237,-0.18142942097694092,maize,0.9849893623053159,2021,synthetic,0.3460902885817061,0.3939499304880665,0.25457870654093284,0.02210362730880855
SYNTH_00149,8.029113052215427,-2.564829446073703,maize,2.0064284258475524,2020,synthetic,0.23822114755641066,0.30447087604081474,0.14531689766571948,0.04890502353048974
SYNTH_00150,7.247488164455628,-3.4829530698071993,soya,1.2239372727674878,2020,synthetic,0.09888219759202499,0.1558194123018784,0.04448103002202414,0.051866850218261734
SYNTH_00151,5.330055293790613,-0.416045500509199,rice,2.9465520306853326,2023,synthetic,0.2603434576753217,0.29247464583326843,0.1854751929985414,0.04862631816566919
SYNTH_00152,10.334400958318575,-3.3706044499868293,maize,1.7914770223487415,2022,synthetic,0.1586457491079735,0.2752873348070627,0.025147205165669706,0.07436468212433754
SYNTH_00153,8.599166780231027,-2.34003433328197,maize,1.61540904417612,2020,synthetic,0.1131551159331124,0.253285929852193,0.0,0.06042502936672338
SYNTH_00154,10.013614578318359,-1.9195373338817552,maize,1.702267667796221,2020,synthetic,0.17797320671023498,0.29175432561910664,0.11547537097726497,0.0540960289411917
SYNTH_00155,9.106432605933579,0.14033000726457834,soya,0.9414367768275127,2021,synthetic,0.45746787890433654,0.5734707351301513,0.3322835470000425,0.04456445532696372
SYNTH_00156,5.123697078748634,-1.8583002560631208,soya,1.4764015606805962,2021,synthetic,0.3922253099510206,0.4744060478078045,0.2513329693601531,0.07461056598691959
SYNTH_00157,7.359889192879562,-2.062256197955287,maize,1.971381104656076,2020,synthetic,0.3417151322258304,0.39631137853702486,0.2089016239611779,0.05334654427529277
SYNTH_00158,5.522643631472018,-1.862946731803051,rice,3.24514688151774,2023,synthetic,0.42540851475652464,0.4890229184193958,0.2780790504431961,0.05317700229659482
SYNTH_00159,10.944563921600501,-3.116517551387061,rice,1.9608146476351467,2022,synthetic,0.4270534274106162,0.46915270059465375,0.31027599096631053,0.041385216812301825
SYNTH_00160,10.208761968608489,-2.289851184031387,soya,0.5,2021,synthetic,0.5452414461153622,0.611476504441858,0.41568344826164616,0.041506042145962624
SYNTH_00161,7.716846178303984,-0.3360494547640722,soya,1.5986825185284381,2022,synthetic,0.34402850153696074,0.45647574947298175,0.3007203163840344,0.05734776498387542
SYNTH_00162,6.448257374102523,-3.0104772944924,soya,1.6570379618506792,2023,synthetic,0.41145921628552196,0.5347029164312259,0.33936272481698654,0.045912073147541005
SYNTH_00163,5.957892328501202,0.5174416151479706,rice,3.3329553523806905,2020,synthetic,0.45104526545076146,0.6478493034661175,0.36317078384495816,0.04317569064327807
SYNTH_00164,10.213193724541393,0.6308075881907849,rice,2.1568449490071018,2023,synthetic,0.19391355323457762,0.25105558835702885,0.05928303619387326,0.07665250077038469
SYNTH_00165,8.268477951720882,-3.4027319686067656,maize,2.036931017608522,2023,synthetic,0.37464521096354253,0.48355044141532516,0.2988589433893889,0.027777849607131443
SYNTH_00166,10.128544570913984,-0.24937073431439938,maize,1.4108603934510922,2023,synthetic,0.36717691473384945,0.4965880333066293,0.3293807536790096,0.046713053726489456
SYNTH_00167,6.713812944463196,-2.6500268545181607,soya,0.8778300262298782,2023,synthetic,0.5264861849832114,0.5737675687024709,0.41351619706340975,0.05844603475929511
SYNTH_00168,7.375234691534866,-0.2986519391042788,maize,1.7372737557022595,2022,synthetic,0.3049872446491865,0.39031509345729476,0.17739960859272985,0.03565396388262846
SYNTH_00169,9.435852931814747,-0.7987264195750372,maize,1.8854461102058828,2021,synthetic,0.2787081451878556,0.3700724150726714,0.2192934363058941,0.03623682326945135
SYNTH_00170,5.992718026316162,-0.7411819550311698,soya,1.5054272808131188,2020,synthetic,0.477200223092787,0.4951136545866708,0.3192949249390063,0.02546324331266572
SYNTH_00171,6.097250827456865,0.28929458686072573,soya,1.4886406404368957,2020,synthetic,0.3733580315029045,0.43792939268821224,0.23818652395992235,0.06897135110667302
SYNTH_00172,5.741201415690357,-0.6106525772758111,maize,1.488544709956193,2021,synthetic,0.5111089667363112,0.674605478517007,0.3865474645322171,0.07812720500451556
SYNTH_00173,7.2856963054842545,-3.490982499539954,soya,1.7363656587381255,2020,synthetic,0.4325447405963638,0.5372734626209642,0.31025510330279243,0.023079370052442223
SYNTH_00174,9.899400210511,0.1546903042118073,maize,1.1729952744358108,2021,synthetic,0.12407372134552148,0.26668310783610394,0.0,0.041490625814434634
SYNTH_00175,7.541577847912615,-1.982425539939626,soya,0.9284043326090358,2023,synthetic,0.27282451583013284,0.38775405252341616,0.16374457634836326,0.03194440592009423
SYNTH_00176,8.79873801579583,-1.4874735921328588,maize,2.164047875704999,2022,synthetic,0.33230745878032764,0.372278881317074,0.25641376510285874,0.07780007116457213
SYNTH_00177,7.351974638271363,-0.8507159360266949,rice,2.484532810860447,2021,synthetic,0.5102914858605376,0.5756180310530327,0.44210608883196495,0.033042611469540246
SYNTH_00178,9.334491699276526,-2.386400448076777,rice,1.9063480692008403,2022,synthetic,0.2070947562673611,0.33300091339126114,0.09663029488559285,0.06812348786507505
SYNTH_00179,5.4528836830044485,-1.6614589002331617,maize,2.059513739876316,2021,synthetic,0.4088807843177641,0.4978737778208563,0.36155200787626707,0.07882794887559565
SYNTH_00180,9.444232167551867,-2.107679048813222,maize,1.62932449801223,2022,synthetic,0.26717038250446573,0.3822654177814667,0.18870338872640863,0.07395214875661982
SYNTH_00181,8.066258200464535,0.5439031574193791,maize,1.4794461398226342,2022,synthetic,0.4129056468679236,0.49277882560258923,0.30997109792865574,0.038107931906037715
SYNTH_00182,6.950608338848086,0.5361524114101464,maize,1.8291228722718569,2021,synthetic,0.4810677353803094,0.5494793647270863,0.4176622227344862,0.058216398772091504
SYNTH_00183,9.247205586786327,-2.819412594939182,soya,1.2692031864134765,2022,synthetic,0.19172928933749464,0.31223475378901305,0.13636239762086377,0.07142000273104171
SYNTH_00184,10.192992109430959,-1.6672723441128092,rice,1.6222821416738542,2020,synthetic,0.35116859136936773,0.5352498555302172,0.30939092476027424,0.058709269507649556
SYNTH_00185,4.730912858363952,1.3990416810334185,maize,2.347876519955729,2020,synthetic,0.25551931487620055,0.3696638338522569,0.09398343858434893,0.02614600483912028
SYNTH_00186,6.715122120525313,0.5099499145860031,maize,2.169595136777324,2022,synthetic,0.47803249446956614,0.6028842406110799,0.41282618009954486,0.04277272416770139
SYNTH_00187,8.925894452945448,-2.985751440442142,maize,1.774194015877244,2021,synthetic,0.2533776657512947,0.31237847421454845,0.20543960206194156,0.04316542206225157
SYNTH_00188,10.690518049844137,-0.3321525283949174,maize,1.8327506085863088,2022,synthetic,0.3936313106553094,0.5440974971403743,0.25231781831195754,0.04947331168379145
SYNTH_00189,10.17452145312645,-1.6874068705185028,rice,1.6997767266916242,2020,synthetic,0.24739538407163017,0.36881077865275214,0.17997115267971903,0.022559734073559982
SYNTH_00190,5.575990443793184,-3.2698183698688186,maize,1.943152844235818,2023,synthetic,0.5270652789214598,0.5473211799322976,0.3566484090865316,0.03162493464065026
SYNTH_00191,9.553088897360656,-2.26890600586838,soya,0.7597729572029533,2023,synthetic,0.25851577795918723,0.31047014816930946,0.1775810493797912,0.028943089363165198
SYNTH_00192,8.593500055323798,-2.9288420369033332,maize,1.7034193124849095,2021,synthetic,0.28924319310561214,0.4247765892825109,0.1635495807256926,0.070478070651293
SYNTH_00193,7.293477998967763,-1.4755325501637508,rice,2.337157204683833,2023,synthetic,0.5421327573499578,0.681202783509759,0.42813365278578963,0.025066808664699916
SYNTH_00194,9.641018147578492,-0.6419932785807161,rice,1.744545446768329,2020,synthetic,0.1779764982599261,0.322536055384463,0.05122403619796645,0.04890959306094268
SYNTH_00195,7.7802871922891335,-2.3676958412210887,maize,2.308909832745612,2023,synthetic,0.1928073835563268,0.31271410490692186,0.11841628295904552,0.02997864426632931
SYNTH_00196,6.109676312506037,-0.08494725304373363,soya,1.451591154427753,2021,synthetic,0.6791725332492033,0.699068534106034,0.48734792659718085,0.05601185965548096
SYNTH_00197,9.339367637378924,-0.257403902110652,maize,0.9728918358835669,2023,synthetic,0.47388079003128547,0.5082971936757789,0.37885400774374944,0.02917727305993158
SYNTH_00198,6.965875618943063,-0.23180386737607783,soya,1.1550556238299077,2021,synthetic,0.3679157932313727,0.5171108838317569,0.2223161214487145,0.06439712303190447
SYNTH_00199,10.201588945724883,-1.420552704935373,rice,1.8087869702429988,2020,synthetic,0.09581698780605674,0.16645890312599113,0.0,0.03998591580918884
SYNTH_00200,6.545373599246048,-0.12045035528312331,soya,1.3256862017783044,2022,synthetic,0.33197994192141583,0.4417309386151942,0.22020597925921367,0.029703799946437782
SYNTH_00201,7.512944536648569,-3.4351997325436563,rice,2.2481005013948856,2021,synthetic,0.14740485329035372,0.20810915152021886,0.042526885666467784,0.04693472891249659
SYNTH_00202,7.107189156635663,1.0761061262621752,rice,2.5805495593170917,2020,synthetic,0.3181247016072252,0.38845746800234704,0.19960188834561723,0.03129836237273933
SYNTH_00203,4.8234069047396915,1.2389970690744923,maize,1.6864571981402547,2020,synthetic,0.25346256955210744,0.39392806896587407,0.137395714493653,0.062321415937990524
SYNTH_00204,9.25669144801175,-0.5740757433942854,maize,1.9184620922793372,2021,synthetic,0.28586401289238883,0.40411823432926663,0.20190634280248704,0.033889592057123184
SYNTH_00205,8.50458809455366,-0.1375814622176903,soya,1.4318011565488244,2023,synthetic,0.3645946919442107,0.45089448690930956,0.2836333989869799,0.06500083698467295
SYNTH_00206,6.10298706711798,-2.8795855525820286,maize,1.6029147575559748,2020,synthetic,0.4354539116406608,0.5363232608847471,0.26239579325045415,0.02704813227013862
SYNTH_00207,4.582429515486693,-3.1355921411046026,soya,1.9606411525099294,2023,synthetic,0.31085003902377,0.42246431319411093,0.23071978661602668,0.03230949539831535
SYNTH_00208,4.877447746490126,0.8210560136415959,rice,2.555202118059113,2023,synthetic,0.4935711061289731,0.5236431120978369,0.4037572126031956,0.07769889330353205
SYNTH_00209,5.674343878689902,0.6583812102009805,maize,2.0479715518178976,2023,synthetic,0.347510014429901,0.40473489231606313,0.22371812520082357,0.07635599474337057
SYNTH_00210,10.157778399675163,-2.794058097112638,maize,1.0478313572882332,2023,synthetic,0.28163965420865517,0.38088345763665926,0.18734264586594024,0.057815043715913256
SYNTH_00211,5.848018540125711,-1.651056999482253,soya,1.6069303246477666,2020,synthetic,0.5625835202268897,0.617694911195274,0.42308801064022844,0.026813161523031613
SYNTH_00212,9.31442206391181,-1.1709829434362238,rice,1.9841239539638575,2021,synthetic,0.21586640683760877,0.26439099223411966,0.129840614980683,0.050515150121419675
SYNTH_00213,7.207001359242455,-0.693250717867739,soya,1.2899277051354676,2022,synthetic,0.3165389851311712,0.412571850726309,0.25562840349201044,0.058194850623629266
SYNTH_00214,7.430801961267821,0.12360275561680378,maize,1.6919674704544858,2023,synthetic,0.34457126455618814,0.46157388893452045,0.3234104201115588,0.04557385823960781
SYNTH_00215,9.320652634792898,-3.3768538400480494,rice,1.6263750638852916,2022,synthetic,0.22798887237148793,0.3531840337048563,0.1577939406649688,0.06282163512961646
SYNTH_00216,7.139033580099073,-2.3405577459995595,maize,1.7727940289001989,2021,synthetic,0.21201728038731327,0.3436995176725865,0.14857714073448877,0.06439452018002788
SYNTH_00217,6.994199290752929,-0.8366830010109183,soya,1.1012292312709104,2021,synthetic,0.3423703700272218,0.43954983371064416,0.2656607581848547,0.021493003201078303
SYNTH_00218,5.102260591284656,-3.4965493449665748,rice,3.0524247701682437,2022,synthetic,0.3589115431759547,0.5132748756367128,0.30522780310112274,0.036686537137830946
SYNTH_00219,10.65633328144332,0.49008614912416526,soya,0.8677575974950972,2022,synthetic,0.07732804899392896,0.18101887570669004,0.005256525324420502,0.023983202117923572
SYNTH_00220,8.394346928723987,-2.878477490338046,rice,2.4800841562920373,2020,synthetic,0.2935959496202681,0.39794202698133996,0.18521410545789063,0.06787197636193673
SYNTH_00221,8.484244324744077,0.5487240964535118,maize,1.6165583569428503,2023,synthetic,0.1583722620636896,0.2531133484290493,0.013447395390548178,0.024393504632866797
SYNTH_00222,10.17388389561441,-0.62886535522038,rice,2.174943605158727,2022,synthetic,0.15756028187615018,0.21278439188805015,0.09379102728814437,0.04746100100074039
SYNTH_00223,9.585708582261663,0.16967759766525958,soya,0.9126509938906754,2021,synthetic,0.13202712622602858,0.1824528736679762,0.0,0.05481098735902108
SYNTH_00224,10.884846217943402,-0.6364614780909239,maize,1.8795039247557424,2023,synthetic,0.3223129116223928,0.48186124451533174,0.20274899095528817,0.03924196853293377
SYNTH_00225,9.47971662542557,-1.199522425214698,rice,1.7978633747901551,2020,synthetic,0.3240490506038911,0.41541293282321373,0.16542752994635873,0.06735158107562358
SYNTH_00226,6.108294749703779,0.8767444451774127,maize,1.5443194447551298,2021,synthetic,0.41002841262196804,0.5211776277010891,0.3020579229166053,0.046955524828799416
SYNTH_00227,7.2519753698033185,1.4128241349884396,rice,2.310840673624791,2020,synthetic,0.17977216006677155,0.28892478849846737,0.04955148138281612,0.07238806419754917
SYNTH_00228,6.146869864741687,-1.0057692545996528,maize,2.490447986226032,2023,synthetic,0.3498825744867652,0.47057613130068504,0.22735233937464056,0.02582094958495354
SYNTH_00229,8.157698844185408,0.10340015269765868,rice,2.672092574481692,2023,synthetic,0.43355913492123094,0.5620066995307191,0.34401484395060444,0.0308220098179443
SYNTH_00230,9.954188433777368,-0.7639363084649258,soya,1.5681676906460815,2023,synthetic,0.16714224281783124,0.3176117482388332,0.09069975334684084,0.05105965092139492
SYNTH_00231,6.941954384402196,1.0864687715812105,rice,3.2311497055349307,2023,synthetic,0.29295416706125105,0.3902789008229093,0.15972451356458503,0.0584630463174501
SYNTH_00232,6.045526346520468,-1.306167741957819,maize,2.0044920313469397,2020,synthetic,0.20912573855773733,0.2828251002948891,0.12987437149271558,0.06468635467112793
SYNTH_00233,5.507606348070297,-0.38122015794500275,soya,1.7199864984055402,2023,synthetic,0.38930123432003794,0.5678531387323069,0.31682314144862866,0.059043502370290796
SYNTH_00234,10.057191095047592,-1.2525907331326147,soya,0.723699036449888,2023,synthetic,0.30852325556369387,0.3878785087919918,0.21264181426695478,0.022548900005243237
SYNTH_00235,9.746381495078495,-0.6232411955333284,soya,1.1794212394519035,2021,synthetic,0.1609733127087187,0.253722355087599,0.048089786047087385,0.05741440288119941
SYNTH_00236,6.669810000567971,0.858793787350816,rice,3.040588165848671,2020,synthetic,0.30071725439164426,0.47961488514729556,0.2147325643899068,0.05037800606996158
SYNTH_00237,6.1647791666334735,-1.0478676516846077,rice,3.0273431233738157,2023,synthetic,0.4895349473821224,0.5576161394152356,0.40164766255072615,0.06527728833558584
SYNTH_00238,6.634119976455718,-3.3628720927610845,rice,2.7534343525230383,2022,synthetic,0.34221108655021143,0.43321133173573745,0.2153407479104118,0.05561358021408877
SYNTH_00239,8.820760671346825,-3.14479935814303,soya,1.3540110255701,2022,synthetic,0.180518876929662,0.30957613794146865,0.03802917327364444,0.033443173569838086
SYNTH_00240,10.502658739558338,-0.964173676270196,rice,2.07279272495515,2021,synthetic,0.31760187148349306,0.42444685173701163,0.2709581072147522,0.05207521524284929
SYNTH_00241,10.984723968416361,-1.8943032322176832,rice,2.3342850560061104,2023,synthetic,0.16073656571285452,0.2120573864479814,0.030991005728770032,0.0685208295091485
SYNTH_00242,9.421120911464712,-0.8010831050570104,soya,0.7031358575644158,2023,synthetic,0.46768990325942617,0.5256486274312899,0.32798123335660057,0.060686441795881924
SYNTH_00243,10.248543662279843,-2.8083106808377627,rice,1.5805986569913477,2021,synthetic,0.20894874324163315,0.28123658135928065,0.14591661186312913,0.0748742810322984
SYNTH_00244,6.687007109212952,-1.8252539029980892,soya,1.391674740346967,2023,synthetic,0.47477634165404875,0.5252981661473856,0.3294435801759552,0.022385737831540298
SYNTH_00245,8.857718583979597,-1.2329995822537665,soya,0.9444077281829522,2023,synthetic,0.22154370582044505,0.3180358512995526,0.09862904325114534,0.04432793439519796
SYNTH_00246,10.761882900457703,-1.7294616026548955,rice,1.949755602441064,2023,synthetic,0.46774394566447003,0.6064185072549065,0.39648844458319177,0.041245761986441684
SYNTH_00247,10.981981618632659,-0.119355655622297,soya,1.0497910992129333,2022,synthetic,0.0435371383648284,0.13511675419265565,0.0,0.04838999851718751
SYNTH_00248,5.359453022969388,1.4565305541602331,rice,3.293570776424116,2022,synthetic,0.5529556754559756,0.6331523968075204,0.4294423009123242,0.07870738485160196
SYNTH_00249,10.951425424529528,0.784026000400905,rice,1.9691144075387195,2021,synthetic,0.28094271510631447,0.3527645571258552,0.15000706432139016,0.028659924154832105
SYNTH_00250,10.0328350251444,-3.3782170653664823,soya,0.9665771327341572,2022,synthetic,0.2990709932994414,0.3930838140012556,0.20478559758808318,0.03942387209449341
SYNTH_00251,9.299025674090608,0.10610888362987536,rice,2.3348229483848417,2021,synthetic,0.3564283121695979,0.4633258306275986,0.2772796244182947,0.05596774429975988
SYNTH_00252,9.134673170101538,-2.8987316709896813,soya,0.6385341630179644,2020,synthetic,0.52506546552516,0.6331197784922062,0.3503489166829194,0.07177150585001676
SYNTH_00253,7.78639285143032,-3.1212809132449335,rice,2.704674428636021,2021,synthetic,0.35555976676548007,0.43424101731593623,0.31421136259049487,0.04786514669651873
SYNTH_00254,7.60553919372809,-1.1854674175529691,soya,1.2714082564951523,2022,synthetic,0.2946050347454407,0.45872165947982596,0.21861190124573424,0.06086450550605485
SYNTH_00255,9.565315185161175,-2.8781834580816787,rice,2.5248368191060497,2021,synthetic,0.2924357332012986,0.4379542006391565,0.18843957568811093,0.059513550503024246
SYNTH_00256,6.979505948257059,-2.642691475464449,soya,1.6909640880101808,2020,synthetic,0.4859319201871034,0.6137240335353571,0.42892341103385784,0.04602093476209454
SYNTH_00257,7.658697950799802,0.6509124879387214,rice,2.856382241931005,2020,synthetic,0.3774909447426263,0.4332806166753841,0.23304240742682975,0.023264498316554822
SYNTH_00258,5.211607991804991,-0.8934910374279079,soya,1.854454158922947,2023,synthetic,0.3933550265381898,0.5135326404390199,0.3123165993076226,0.02364472463947244
SYNTH_00259,6.235216090707676,0.6130407088443368,soya,1.9309291526272903,2021,synthetic,0.4817431091637236,0.6012905889757586,0.4183638828701076,0.024271439741413797
SYNTH_00260,9.646038735510704,0.5272877220896639,soya,1.0695358792791734,2023,synthetic,0.3397854796072282,0.49453540321058714,0.24197273246149847,0.04902393330697469
SYNTH_00261,8.372863768851163,1.1471874383095022,rice,2.4358233530796145,2022,synthetic,0.36342909290152664,0.4132103339598584,0.205751533309542,0.07348274278391698
SYNTH_00262,8.948541360546109,-3.4099744415340125,rice,2.8036549831809787,2020,synthetic,0.3246486700986793,0.3926415990599542,0.1649402713860958,0.06000884402496266
SYNTH_00263,4.932958028327276,-2.8808165850587026,maize,1.8160962567366985,2020,synthetic,0.4419514180123644,0.5358155615845072,0.3711060310231315,0.07671891639399979
SYNTH_00264,10.85260464288269,-3.079998704790849,soya,1.4411835205251817,2022,synthetic,0.16501676641869653,0.25010275106577634,0.09997015979138557,0.04016480619436749
SYNTH_00265,7.115361058213091,-3.3254902905517474,soya,0.8894845868945935,2022,synthetic,0.07374078410757048,0.21673906527169073,0.007413473187495925,0.023299551105725205
SYNTH_00266,9.872125285314898,-2.6266670252486266,rice,2.1128899523569116,2023,synthetic,0.3260958165644364,0.46370693885625625,0.2702645446140551,0.028272756148312286
SYNTH_00267,5.037278248896104,-2.148279000997557,rice,3.306655222484278,2022,synthetic,0.42095851441723253,0.5025363999005587,0.3323444741309385,0.07923410226779724
SYNTH_00268,8.51342106618727,-1.3492095255189125,maize,1.3709142261410705,2022,synthetic,0.3711068264848063,0.4575765537708745,0.20796364762094346,0.05096638511821551
SYNTH_00269,10.004101879647894,0.20754868447652353,rice,1.9100735180901594,2023,synthetic,0.15349231334334787,0.28988424751188807,0.08854424864626985,0.07079619021771184
SYNTH_00270,6.524704749623272,-0.23271505290464978,soya,1.4198404341366595,2021,synthetic,0.31309977064476086,0.39808496661398085,0.2505798978729987,0.07939530891635309
SYNTH_00271,4.8753404076736215,-0.3295463568491792,rice,2.819805048958919,2022,synthetic,0.32481981632030665,0.4120935527000272,0.22689164437536302,0.07627234935416946
SYNTH_00272,5.199162566244199,1.0262870977104877,rice,2.6920314031881016,2022,synthetic,0.43545312171240047,0.5512856333163438,0.33232648012650273,0.04922949918202574
SYNTH_00273,7.102368455193565,-2.7806236021846145,soya,1.0839418724102456,2020,synthetic,0.24202745332619047,0.34856059887169955,0.13786867938026715,0.07534241328001239
SYNTH_00274,7.141315279784404,-0.2467153382367946,rice,2.3445867687747395,2021,synthetic,0.34079536343503475,0.4274983905350119,0.2481190895289606,0.03466793917362761
SYNTH_00275,10.345303228214547,-2.884396225047823,soya,1.0806419414980468,2021,synthetic,0.2132751500032734,0.36421104670772086,0.10152071503021282,0.060815067597525946
SYNTH_00276,10.255044950086651,0.033381965591230855,rice,2.082243744177346,2022,synthetic,0.15032410898092977,0.28019602782039915,0.07561749326431735,0.029887768053073506
SYNTH_00277,5.229827067401846,-1.6522257404497172,maize,2.4384800174302796,2023,synthetic,0.36691319236314796,0.4563148975396049,0.24027424838082545,0.05367033687470042
SYNTH_00278,8.272692270191571,-3.2582129982477332,soya,1.3403704115928743,2020,synthetic,0.4240731891440877,0.5448498042687195,0.3521214973486375,0.02497748803087142
SYNTH_00279,5.611411960384746,0.5804091412823329,soya,1.639714589947838,2021,synthetic,0.34942737959857934,0.47617178346259026,0.2927851255645965,0.04404618429728859
SYNTH_00280,5.880514199355023,0.27930447208945486,maize,1.8715807260621329,2023,synthetic,0.38186639696419306,0.49028561941143944,0.3201114227185604,0.06363626469742403
SYNTH_00281,8.284724665458178,-3.419053792980517,soya,0.9427613343365833,2021,synthetic,0.31188311384691353,0.3819511684145752,0.2305228644014608,0.04429855752733719
SYNTH_00282,6.391585368910146,1.0109608689009963,soya,1.5881509623801064,2020,synthetic,0.2091396325870579,0.34349657301170833,0.16880111722895344,0.07476498156722096
SYNTH_00283,9.865617239480521,-0.16703514056778923,rice,2.46819339980072,2020,synthetic,0.44443874380440374,0.5128187395671782,0.3370624535436413,0.07245648812030205
SYNTH_00284,5.2670655146335585,-1.287194433367461,soya,0.9578774685648273,2022,synthetic,0.33255592844811815,0.4889355318942942,0.2429099977871705,0.038485169096350136
SYNTH_00285,10.716569463037947,-1.7455977973583332,soya,0.91547618978491,2023,synthetic,0.2678330778279492,0.3397904895207763,0.16053308902180452,0.026928119156734744
SYNTH_00286,10.854044783415699,0.824502538362152,rice,1.7927671602884616,2022,synthetic,0.24100550846236987,0.3448295762374215,0.14598230534913875,0.022434164330455676
SYNTH_00287,6.554435683905309,-0.25295922910068036,maize,2.3165891230707136,2021,synthetic,0.433310538724864,0.4933934431721964,0.2974822504658014,0.07586853042809126
SYNTH_00288,6.210227144931261,-1.1730703808885576,soya,1.2147254663269924,2020,synthetic,0.41846805925233715,0.5613205455216267,0.3602174839400048,0.06332140264107518
SYNTH_00289,9.64975529220804,-0.6217083260867984,maize,1.4718871047054447,2020,synthetic,0.1799857704801025,0.2688112176900933,0.07298655117654376,0.04667183024855033
SYNTH_00290,5.098060770510597,-1.6889101299973788,rice,3.2682271011106367,2022,synthetic,0.5566264047096622,0.6336574592541737,0.48921243465380204,0.027312986868980888
SYNTH_00291,6.2627456696086545,-1.7505377116966438,maize,1.8453538672356542,2021,synthetic,0.5891530613840543,0.6751959864031005,0.462182467289394,0.07947019259164888
SYNTH_00292,8.231902749094857,0.5101655427281964,maize,1.7719068166810623,2020,synthetic,0.28364618897855526,0.3881096141800035,0.14683908318926464,0.03922576368544177
SYNTH_00293,6.902453521343636,-0.5788186645037774,soya,1.2650312445994645,2021,synthetic,0.32321387147775915,0.43618539173679516,0.19425864370378199,0.040006267114179796
SYNTH_00294,6.565562818428052,0.5016830945410229,maize,2.370224894780724,2023,synthetic,0.30895964465258324,0.4534817334223035,0.25540153964095536,0.03559854580704378
SYNTH_00295,10.645923799764855,-3.0127925279022225,maize,1.2178452427584485,2022,synthetic,0.2839876031205804,0.43172292428974707,0.16778583405185526,0.04856339257012242
SYNTH_00296,7.779327463346479,0.44566044746416367,soya,1.091249596043632,2022,synthetic,0.3193021025851831,0.4143966799980424,0.19446897381248304,0.03494745352032334
SYNTH_00297,7.8838577667781395,-0.1595035173047359,soya,1.2745536581266386,2022,synthetic,0.39985094297757345,0.5200782853110741,0.32930352407630376,0.052000297996511846
SYNTH_00298,7.580641147016355,-0.848246739122632,maize,1.4348407695144594,2022,synthetic,0.1571584403837907,0.2771897890194199,0.0735785531378215,0.04266288249532426
SYNTH_00299,5.19987310014969,0.9550924385449822,soya,1.205957257419623,2023,synthetic,0.17927920110192355,0.25054558302526,0.05239448285330772,0.03492368423768453
SYNTH_00300,4.80744930610228,0.6348854957952161,soya,1.4420606652671946,2020,synthetic,0.3093191784573283,0.434323235661251,0.2691445783686927,0.046006733512983594
SYNTH_00301,7.801749311188672,-3.3588650310272734,soya,1.083111098876442,2020,synthetic,0.25585176786194397,0.39907811118468733,0.22397652392162753,0.06452781707437992
SYNTH_00302,6.999175192965441,-3.1459733068755718,soya,2.157734593374813,2020,synthetic,0.606578414952551,0.7163007808621698,0.5685756755728584,0.031498123898975536
SYNTH_00303,8.370018279570472,-1.7371371072340582,rice,2.1309863252620564,2021,synthetic,0.2841220903608218,0.3665668716527925,0.16817570243768482,0.0648135608425914
SYNTH_00304,6.941081704347482,-2.434024090435826,rice,3.288578933457374,2020,synthetic,0.32234607586366143,0.4476360914095792,0.2506224015091937,0.04092676765625545
SYNTH_00305,6.716138706440262,1.4044499406431692,maize,1.7377832490881813,2021,synthetic,0.5192102049633514,0.5705724579890428,0.4001038355007821,0.06296967152119295
SYNTH_00306,8.923734607512035,-0.520244602597824,soya,1.4284521224717548,2022,synthetic,0.4072351107007371,0.5207560364413848,0.3762889247637387,0.04300988439681179
SYNTH_00307,5.731677961425625,-0.6106863271011274,soya,1.1086717008733546,2020,synthetic,0.22974960925442547,0.31816265130832977,0.17218459629685617,0.07144514701223523
SYNTH_00308,5.980170947495155,-0.6740329022038556,maize,2.4131418891985126,2022,synthetic,0.44960235611855626,0.5493933068245559,0.3460235505461854,0.06449699210784515
SYNTH_00309,6.615367364074099,-2.232580133306132,rice,3.0712369606261647,2021,synthetic,0.6267895589790307,0.6916558168223715,0.4897112846167636,0.042930698805502154
SYNTH_00310,9.401118898142414,-2.1930690949312566,rice,2.0928283939859598,2021,synthetic,0.5018180845896871,0.5816005154893038,0.36227461018686535,0.03402303968938465
SYNTH_00311,9.556801270457214,0.9840504179876417,maize,1.7437305680858668,2023,synthetic,0.267825690541327,0.4162036405595706,0.16151199036266983,0.06597270794132229
SYNTH_00312,5.966941993832489,-2.7027636165439226,soya,1.3545089165777044,2022,synthetic,0.2803361550350412,0.329714429435422,0.136857210262517,0.07687836606960666
SYNTH_00313,9.700641474357532,-2.7033413629141574,rice,1.6795321810089967,2022,synthetic,0.271465330361224,0.39149790351240626,0.18853505944528898,0.05338493798569051
SYNTH_00314,9.423579329798137,1.2735789300769005,maize,2.0462616431099634,2023,synthetic,0.3377444783263499,0.48863286544197554,0.20228534362780948,0.06897050442700683
SYNTH_00315,10.114508984739137,-2.491894957014346,rice,1.5519030595369168,2020,synthetic,0.25680633787259155,0.3721298345757252,0.136759423525092,0.04434503846466652
SYNTH_00316,6.073199359014786,1.3427538759851156,maize,1.6426743607492216,2022,synthetic,0.31244092169189364,0.4004913645482136,0.2581439807749276,0.06748237050525793
SYNTH_00317,4.681824343262362,-3.1916861667801606,rice,2.8198465572635865,2023,synthetic,0.47892748107492605,0.5449425033210367,0.34500789540316157,0.07728917392230229
SYNTH_00318,10.823614201187848,-0.8950824479714243,soya,1.037958066323878,2021,synthetic,0.10134056390257207,0.23418835442696703,0.0,0.07577148537709333
SYNTH_00319,5.595477355099693,0.8320020807953146,rice,3.0170504359082937,2020,synthetic,0.3534243193942101,0.4993024039316406,0.2570895519767909,0.05596859005509407
SYNTH_00320,4.599483731703204,-1.6526333972257974,maize,2.4973001491353606,2021,synthetic,0.49267164307171946,0.5860013771006005,0.3751398818525518,0.06573821511682641
SYNTH_00321,10.352781165194944,-1.5181114483897364,maize,1.6827574862096357,2020,synthetic,0.3257842292100237,0.39656341329864825,0.19322343571178718,0.07258867059328848
SYNTH_00322,4.543349011620293,-1.9348423217832909,rice,2.8676787956009915,2022,synthetic,0.5145104130865874,0.6728642845106729,0.44486710362001003,0.07181965978600743
SYNTH_00323,7.794918976499177,-2.164057832834828,rice,2.818516808906221,2020,synthetic,0.10276427068499805,0.22867856954800422,0.0,0.07156875331070797
SYNTH_00324,5.6482035338240335,-3.020207431059559,rice,2.957454299374273,2023,synthetic,0.44306342373117763,0.5406027457510781,0.3434387802390345,0.023454751152725165
SYNTH_00325,9.09691693271529,-0.5056526562236576,rice,1.862639536171416,2022,synthetic,0.38307265075899416,0.5155994047035766,0.3139113525193784,0.04502989301256351
SYNTH_00326,5.889498936025507,0.9931248138401267,rice,3.190688120817347,2021,synthetic,0.4018972989790164,0.46387674927119615,0.27228216469393085,0.05150449841035763
SYNTH_00327,9.27154371674568,-3.035023056984111,rice,1.9540871433789848,2020,synthetic,0.19962028064555465,0.2655407265309039,0.1332749208597314,0.05601042049723119
SYNTH_00328,9.86169660001792,-0.12110356914984033,soya,0.9204566432184063,2023,synthetic,0.15459563464965884,0.237846512301157,0.047083305469972137,0.02074838376025432
SYNTH_00329,10.349310186510412,-2.3058037568887766,maize,1.5372017022634943,2022,synthetic,0.1713533105005187,0.23425204011242287,0.09929185285547365,0.05681642648014802
SYNTH_00330,7.570327683615291,-3.117791390359796,rice,2.2976463366723587,2020,synthetic,0.25254271366564157,0.3447739568009037,0.18966186579496386,0.06326380079506429
SYNTH_00331,9.192934488570806,0.8757880360380348,rice,2.69821437705627,2022,synthetic,0.321510151693274,0.46083022149003894,0.24877712490616316,0.04620742188847815
SYNTH_00332,6.715463898730051,1.4171143271131692,soya,1.8105512365669743,2021,synthetic,0.2615763542777885,0.41566591026721883,0.1670835286010232,0.03641218432433434
SYNTH_00333,8.910883745115697,0.26161109402930904,soya,1.4717682030869186,2021,synthetic,0.2793427551612453,0.41029520212158127,0.1893612008725081,0.07992837391593939
SYNTH_00334,7.712988840317379,1.483917713906517,soya,1.4593292340552535,2023,synthetic,0.4291925900751611,0.5829344924711244,0.3560983841701662,0.06229696133427012
SYNTH_00335,8.511931256660898,-0.5154465109359725,rice,2.5026786540907375,2020,synthetic,0.3008391157809779,0.3886466289044118,0.23578520091967894,0.020653661300780782
SYNTH_00336,8.168466623062,-2.481165522993125,rice,2.396495807122633,2021,synthetic,0.21573442769309567,0.27172966621568834,0.10191094437286577,0.03886794620561529
SYNTH_00337,10.449217832264157,-0.4846212921609667,soya,1.0836035930417647,2022,synthetic,0.3123469242740914,0.364461729738024,0.2204345384579257,0.06822962596833433
SYNTH_00338,9.370361887055232,-1.5335079468239696,maize,1.5201727213667566,2021,synthetic,0.32079266165436965,0.41694597175508774,0.2151121983655665,0.025206623623533535
SYNTH_00339,10.475926142415101,-1.44989798048499,rice,2.582854060031804,2022,synthetic,0.2886826806258703,0.3820902744064198,0.11828275314087752,0.02050135127681609
SYNTH_00340,7.391102884910488,0.4279609638538244,maize,1.6547328884899934,2022,synthetic,0.27952735665919654,0.4078367053137106,0.24241425535302394,0.03918569541741605
SYNTH_00341,8.500463830626579,-0.8779290616517477,maize,2.3456801477817004,2022,synthetic,0.43814095552993787,0.5020657556352319,0.2546562817708029,0.07500548268767818
SYNTH_00342,5.29788593225473,-3.3172220525671525,soya,1.082525363169069,2023,synthetic,0.25451405222795026,0.31544890339092313,0.12198229736950617,0.04155284405983768
SYNTH_00343,7.867160817767648,-0.6106145186514436,rice,2.2540532612614816,2023,synthetic,0.429995885949278,0.46698134200544084,0.25565555605269474,0.0608591894723967
SYNTH_00344,9.788214513317982,-3.3676129091298,rice,2.3541649834806573,2020,synthetic,0.24597642228557054,0.29514606717679803,0.1381692649291978,0.05203797644625262
SYNTH_00345,6.422255769878083,-0.9040949650813426,rice,2.6361840285846836,2020,synthetic,0.29871078378705795,0.45018802556609805,0.1719726715902637,0.038981466313449356
SYNTH_00346,5.809348065782966,0.0508036952217652,maize,1.8756120640714362,2022,synthetic,0.2652727553639967,0.3752616172574491,0.18028442641506964,0.0664375585890554
SYNTH_00347,8.537073562046388,-2.654714371200106,maize,1.8126394512799244,2021,synthetic,0.24221280743817197,0.3059665553358478,0.14287829144005756,0.06055687757322614
SYNTH_00348,10.951085723321697,-3.4699874007431752,rice,2.3897899375253715,2020,synthetic,0.16086255094202864,0.30170886981772177,0.08301247988014246,0.06473663965685036
SYNTH_00349,10.362475973340551,-1.3942649888732737,rice,2.1937216272152704,2022,synthetic,0.44360843585647813,0.5287318670899539,0.32597605426999154,0.03923997264816146
SYNTH_00350,10.620583965781147,1.3507401848304168,maize,1.4660337524596097,2021,synthetic,0.2222275752413393,0.34615567735922603,0.15792022036684947,0.03748940181208455
SYNTH_00351,5.321318043645098,-0.7062398589791385,rice,3.2787522261488347,2023,synthetic,0.47078691182219,0.5233640861514921,0.35458165956322224,0.057801144035542054
SYNTH_00352,5.433012937947366,0.585856834160829,maize,1.6277297203043217,2023,synthetic,0.5303397611672187,0.5989763336456418,0.4261252834232362,0.07365497179402516
SYNTH_00353,9.700361714256374,-1.1145915101129376,maize,1.367643386154388,2023,synthetic,0.06520471206895438,0.1454136025868581,0.0,0.0662865502530767
SYNTH_00354,6.944174447159017,0.7994166528271069,maize,2.2444746728399143,2022,synthetic,0.39004700273501675,0.4817129836258592,0.34265762034969405,0.05014805579958842
SYNTH_00355,8.611057320657219,1.1724378593498725,maize,1.9411969841332946,2021,synthetic,0.3527629817805282,0.4310801522867862,0.2238630212110824,0.06499413003991535
SYNTH_00356,9.323363639003908,-2.2182238337720874,soya,0.5,2020,synthetic,0.1748925819236099,0.23725723978874438,0.03292752560310308,0.059136731850241334
SYNTH_00357,9.559389581221623,-1.9724071787065376,rice,1.7954769340355419,2020,synthetic,0.40428108737002516,0.4431125210685457,0.27066589417611,0.04282562453453315
SYNTH_00358,8.894909056420618,-0.4656274468343016,rice,2.789889914692253,2020,synthetic,0.4195256359102925,0.5153631024585119,0.34057133423458313,0.04441083797249569
SYNTH_00359,10.269728552717815,0.28026524881149584,maize,1.3040026587542266,2021,synthetic,0.355706228864684,0.41385155572311083,0.3009332001278709,0.039589587093108905
SYNTH_00360,10.998682687405338,-0.7031045899994846,soya,1.0088784266956667,2020,synthetic,0.32185231190113867,0.35197628421338245,0.2149947346616638,0.05147622639111191
SYNTH_00361,8.030243984414533,-1.1119787428823478,maize,1.6809787468893003,2023,synthetic,0.27793047215864997,0.41735933190615493,0.146023626312128,0.03843126297491952
SYNTH_00362,7.079465855954155,-2.132377907687416,soya,1.72232178187944,2022,synthetic,0.25868667826393554,0.3726557904426857,0.13765238982545347,0.059715321686431413
SYNTH_00363,5.091316210107329,0.9496776256930319,maize,2.696089279193797,2021,synthetic,0.3081799755511977,0.38352376595888155,0.23398259693963022,0.026982116648240677
SYNTH_00364,6.210639966569078,-0.155352718511105,maize,1.9905548452515527,2020,synthetic,0.14751358420501812,0.29170826701933006,0.03636902780240986,0.04997665890837434
SYNTH_00365,10.149802984503438,-0.4298972495453275,rice,1.9090656914146131,2022,synthetic,0.20328189558982884,0.3299469569830013,0.11904730790108625,0.06447362537865395
